gate,oof_ret,oof_sharpe,oof_n,ooc_ret,ooc_sharpe,ooc_n,tp,sl,hold,dedup,model,thr_abs
none,0.09179612840019225,8.593892798504415,40,0.022952989305316196,1.727720995231634,52,6.0,2.5,48,0.9,deep_reg2,-0.00731302477744071
sma200,0.05971050449243265,7.5143399124073404,24,0.033512767441214564,3.986183370957911,31,6.0,3.0,48,0.95,base,-0.02317085370642255
sma200_slope,0.06642682836669711,8.409336641536807,23,0.01609562614871307,1.8519750003854654,29,6.0,2.0,48,0.97,base,-0.019972832125668197
adx20,0.07299623427438551,6.007607039042949,61,0.030115292466837085,2.637814251446822,83,6.0,0.75,72,0.9,mid_reg,-0.007492976801983064
adx25,0.0721202699434218,7.719532923739578,26,0.009045062010862193,0.6176980625871985,43,5.0,2.0,36,0.9,base,0.008886427617143169
adx_up,0.07483548313229837,8.76811097692843,24,0.009120388350259523,0.5874652003738641,38,5.0,2.5,72,0.99,base,0.0008858171365965061
er30,0.03359471868777675,3.0004566941506026,32,0.007079635398619111,0.6049873544023419,38,2.5,2.0,24,0.95,base,-0.011321980704853709
tq30,0.05362380554095769,6.364452751775079,26,-0.03939556722214743,-3.4580498499414776,37,5.0,3.0,72,0.95,base,-0.02317085370642255
conf,0.027774834562306117,4.23606564534,24,0.022331412978558784,2.770665917323214,25,4.0,3.0,12,0.8,mid_reg,-0.051014959402688034
