step,side,test_lo,test_hi,test_start,test_end,regime,dedup,n_factors,model,thr_q,thr_abs,tp_mult,sl_mult,max_hold,val_return,val_sharpe,val_n,val_anchor,test_return,test_sharpe,test_n,test_win,test_payoff,test_mdd,bench
0,long,5467,6562,2024-03-31,2024-09-30,none,0.95,29,shallow,0.6,-0.0544123215365247,12.0,2.0,72,0.3054821496687632,26.947829221324252,22,0.3054821496687632,-0.025955718845448117,-2.911368868974478,28,0.21428571428571427,2.854429717817548,-0.038388653252242944,-0.2198801198801198
0,short,5467,6562,2024-03-31,2024-09-30,sma100,0.9,28,shallow,0.4,-0.059165678962687915,2.0,0.5,12,0.011506155115903693,1.0164975984402749,37,0.011506155115903693,-0.0024974948475228187,-0.13580943137141546,98,0.23469387755102042,3.195927353579299,-0.027134318529874135,-0.2198801198801198
1,long,6562,7657,2024-09-30,2025-03-31,none,0.9,41,mid_reg,0.3,0.02356671775048167,5.0,1.0,48,0.044357753025437985,3.7474231732139773,51,0.044357753025437985,0.0010050157720009611,0.07873142112057605,58,0.22413793103448276,3.4850430682853806,-0.04581624798142081,-0.1917633558587276
1,short,6562,7657,2024-09-30,2025-03-31,none,0.8,22,base,0.4,0.00378935120282715,4.0,2.0,24,0.07395839987088126,5.708946972298764,56,0.07395839987088126,0.01657861206106226,1.046346556038862,52,0.4423076923076923,1.3753432661803418,-0.03875609096320731,-0.1917633558587276
2,long,7657,8752,2025-03-31,2025-09-30,none,0.85,38,deep_reg2,0.3,0.05171809450176826,5.0,3.0,12,0.05716725611319351,4.557355473938859,43,0.05716725611319351,0.060711045447888745,6.191733384456639,49,0.5102040816326531,1.5958369974391138,-0.021429073199658477,0.6819415615519719
2,short,7657,8752,2025-03-31,2025-09-30,none,0.8,20,base,0.8,0.07764769093703798,3.0,1.0,24,0.09669921715305718,5.2273222460389865,98,0.09669921715305718,-0.08248306850887066,-5.483704520935772,124,0.20967741935483872,2.4649596800001436,-0.09705016276160783,0.6819415615519719
3,long,8752,9847,2025-09-30,2026-03-31,none,0.85,40,shallow,0.5,-0.020675604605099998,6.0,3.0,48,0.11749637692962889,14.144627565436538,31,0.11749637692962889,-0.06730526421785599,-6.850929745137839,30,0.36666666666666664,0.8640636996224819,-0.07004174157949117,-0.6042015600325406
3,short,8752,9847,2025-09-30,2026-03-31,sma200_slope,0.8,15,deep_slow,0.6,0.037694106371983734,2.5,0.75,6,0.024721143148458635,2.2367668667222604,38,0.024721143148458635,0.026756383024266306,1.4682274488090623,104,0.375,2.021623067203898,-0.024926686258138986,-0.6042015600325406
4,long,9847,10942,2026-03-31,2026-09-30,none,0.8,42,smooth,0.5,0.02180846952676358,3.0,1.0,12,0.01327289843082613,0.9365836555051766,93,0.01327289843082613,-0.008752341594093438,-0.6448120503282432,124,0.3387096774193548,1.844730788454597,-0.03620828512497065,0.4239692270705613
4,short,9847,10942,2026-03-31,2026-09-30,none,0.8,14,shallow,0.4,0.016173308528822757,4.0,2.5,24,0.10106075785814816,9.786404513490833,47,0.10106075785814816,-0.014409571020447598,-1.4202601085155653,47,0.48936170212765956,0.8981983616778102,-0.04196838467234343,0.4239692270705613
