,ic
vol_ratio_5_20,0.058856013955396136
range_ratio,0.053205917556173474
atr_ratio_chg,0.049653906212939226
rv_12,0.042952877940261806
atr_ratio,0.041284709782377
parkinson_20,0.03908408522188671
mom_accel,-0.03624547858895922
rv_20,0.035958426588636655
ma_align,0.03462767171349915
vol_ma_ratio,0.033761002171408115
hour_sin,-0.033046478395482255
rv_50,0.03026208905099645
bb_width_20,0.029087552119108764
vol_z_20,0.028083783472010463
gap,-0.026450785520122037
ret_6,-0.025516139973723713
roc_6,-0.025516139973723713
pos_in_range_100,0.025086373813935598
quote_vol_z_20,0.02508475659207571
close_pos_in_bar,-0.024006097428702897
ret_24,0.023128352173386053
roc_24,0.023128352173386053
ma_slope_50,0.02293088716880183
macd_signal,0.02290673806903154
pos_in_range_50,0.022886951379993376
rsi_28,0.02205139939079699
trend_strength_50,0.021916319343753488
ret_48,0.021383489365749794
lr_slope_50,0.020224888682807234
ma_ratio_200,0.019966149429045257
ret_1,-0.01987429882129286
body_ratio,-0.019515056303275893
ma_slope_20,0.018461830339076796
macd,0.01807595953465088
ma_ratio_100,0.01791873318516448
ma_ratio_50,0.017439747395160184
dow_cos,-0.016434487826809098
rsi_14,0.016039219550914315
dow_sin,-0.01598366537487962
hour_cos,0.015316911625627998
bb_pos_20,0.012506825787213191
lower_shadow,-0.012255915266152387
cci_20,0.01168312827522671
consec_up,-0.011643783429837516
consec_dn,-0.011598605001508847
hh_count_20,0.008129469089609091
lr_slope_20,0.007527284565369224
ma_ratio_20,0.006911536372055853
ret_3,0.006050761333973048
roc_12,0.005718418265047473
ret_12,0.005718418265047473
macd_hist,-0.004421374848505395
ret_2,-0.0036604936231436317
pos_in_range_20,0.0034026407396037565
stoch_k_14,-0.0028994550780632685
ll_count_20,-0.0025883887461504167
rsi_div,0.0017257419735162917
obv_slope_20,0.0016758682184163942
upper_shadow,0.0016725690474758827
adx_14,-0.0010849111544745495
vwap_dev_20,0.0003686288242887445
