order,factor,ic,abs_ic,cum_r2,delta_r2,delta_r2_pct_of_total,n_samples
1,vol_ratio_5_20,0.058856013955396136,0.058856013955396136,0.002645907783685564,0.002645907783685564,0.2810782208082011,9091
2,range_ratio,0.053205917556173474,0.053205917556173474,0.003997474554584657,0.001351566770899093,0.14357869371344234,9091
3,rv_12,0.042952877940261806,0.042952877940261806,0.003999049977559177,1.5754229745201798e-06,0.00016735922900596443,9091
4,ma_align,0.03462767171349915,0.03462767171349915,0.006900992936693773,0.0029019429591345958,0.30827717007743305,9091
5,vol_z_20,0.028083783472010463,0.028083783472010463,0.006948005295443815,4.7012358750042615e-05,0.004994183937526523,9091
6,pos_in_range_100,0.025086373813935598,0.025086373813935598,0.007871606426703037,0.0009236011312592218,0.09811534790119311,9091
7,ret_24,0.023128352173386053,0.023128352173386053,0.007898675541041511,2.706911433847381e-05,0.0028755871780662833,9091
8,ma_slope_50,0.02293088716880183,0.02293088716880183,0.008499261015421866,0.0006005854743803551,0.06380097508422501,9091
9,hour_cos,0.015316911625627998,0.015316911625627998,0.00885651377495833,0.00035725275953646385,0.03795142470515619,9091
10,bb_pos_20,0.012506825787213191,0.012506825787213191,0.009413421559584467,0.0005569077846261372,0.059161037365750416,9091
