,VIF
rsi_14,71.54613861128338
rsi_28,69.00000653897614
ma_ratio_50,39.88818182167628
ma_ratio_100,37.02658271796492
atr_ratio,36.37163237703392
macd_signal,27.79974300976319
lr_slope_50,27.537357668448493
parkinson_20,21.05826018263442
ma_slope_20,18.814865802472607
ret_24,17.95424284505518
ma_slope_50,14.086672820053693
bb_pos_20,10.921201136794753
pos_in_range_50,10.0931096968959
pos_in_range_100,9.607592853465807
ma_ratio_200,8.935815447223009
rv_50,7.885536049756802
rv_12,7.207419462383297
bb_width_20,4.885985241868164
atr_ratio_chg,4.686737034292565
range_ratio,4.391558680683082
vol_ma_ratio,3.895874126304392
ma_align,3.6274112856788876
vol_z_20,2.6959239240526407
vol_ratio_5_20,1.838280531986872
hour_cos,1.1286349780601892
