factor,gain
vol_ratio_5_20,444.741420173645
lr_slope_50,412.95560903549193
rv_50,377.1851893424988
pos_in_range_50,355.498788356781
ret_24,343.6183955192566
ma_ratio_200,341.95164880752566
bb_width_20,316.1876560211182
pos_in_range_100,283.32831687927245
rv_12,272.1671751022339
ma_slope_50,237.18814630508422
ma_slope_20,236.30589303970336
parkinson_20,225.0329014778137
vol_ma_ratio,215.65009117126465
bb_pos_20,214.6634693145752
atr_ratio,211.89131717681886
ma_ratio_50,202.61416578292847
macd_signal,200.8194516181946
rsi_28,191.3639386177063
atr_ratio_chg,184.5965386390686
range_ratio,162.1039779663086
ma_ratio_100,162.05682229995728
ma_align,128.40843172073363
vol_z_20,117.85849819183349
rsi_14,100.2039623260498
hour_cos,31.513559913635255
