model,thr_q,tp_mult,sl_mult,n,thr_abs,sharpe,total_return,calmar,max_drawdown,win_rate,payoff,tp_rate
shallow,0.5,3.0,2.5,139,0.0046669078333697435,0.8924770703578168,0.027334274316688223,0.5583948964952107,-0.05452866811632673,0.5107913669064749,1.0465405548107736,0.2158273381294964
shallow,0.5,1.5,2.5,181,0.0046669078333697435,0.8562999067667315,0.029096664712871645,0.8001180538816114,-0.040512599056815035,0.5911602209944752,0.7500078075294443,0.5359116022099447
deep_slow,0.5,2.5,2.0,162,0.009505043314170823,0.7876117167824752,0.027630412075739574,0.5829870197158057,-0.05279518915183323,0.47530864197530864,1.1885560851980996,0.30864197530864196
shallow,0.5,3.0,2.0,145,0.0046669078333697435,0.6523059987712768,0.020670048364781923,0.571009258768622,-0.040308550643614716,0.46206896551724136,1.2418205866642718,0.20689655172413793
shallow,0.5,1.5,2.0,186,0.0046669078333697435,0.5920454548794507,0.020171958493464537,0.48203844765684706,-0.046596494488034046,0.5645161290322581,0.8152570251975073,0.5268817204301075
deep_slow,0.5,2.5,1.5,172,0.009505043314170823,0.5844980347158213,0.01964801441605246,0.46933048738124683,-0.04661376182424115,0.4418604651162791,1.332902473999621,0.28488372093023256
deep_slow,0.6,2.0,2.5,174,-0.000270114899313196,0.49377517637369095,0.015832364542896604,0.3406372527625419,-0.051741134733448435,0.5287356321839081,0.9295746439550621,0.39655172413793105
shallow,0.5,2.5,2.5,144,0.0046669078333697435,0.4747923712879256,0.014397076084488702,0.291140124128768,-0.05504525699338203,0.4930555555555556,1.0762943692639337,0.3055555555555556
shallow,0.6,3.0,2.0,161,-0.00732066809770861,0.46169882912895777,0.01529960356126514,0.3563207456874884,-0.04779786775713557,0.4968944099378882,1.0581942161348132,0.20496894409937888
shallow,0.6,2.0,2.5,174,-0.00732066809770861,0.4277352216793889,0.014314758756191148,0.2664312883582423,-0.05980596294179463,0.5344827586206896,0.905820678293425,0.3850574712643678
deep_slow,0.6,2.5,1.5,189,-0.000270114899313196,0.42670641849832636,0.014371215096401935,0.27857950486360133,-0.057423726125605534,0.43386243386243384,1.3544846682596157,0.25396825396825395
shallow,0.6,1.5,2.5,193,-0.00732066809770861,0.4256444497950721,0.01449159645999143,0.22842002110677212,-0.07062069930131021,0.5854922279792746,0.7360214631431322,0.5077720207253886
shallow,0.6,2.5,2.5,160,-0.00732066809770861,0.40708095873587424,0.013350144596598668,0.25225018953553047,-0.058908348280981904,0.525,0.9404142041376413,0.28125
shallow,0.6,3.0,2.5,152,-0.00732066809770861,0.3568792433317993,0.01071331975405121,0.21709318380458428,-0.054920753536128575,0.5460526315789473,0.8591229255591668,0.19078947368421054
deep_slow,0.6,2.5,1.0,244,-0.000270114899313196,0.26439085107782406,0.009181545039276262,0.15057095684630628,-0.06785722140193995,0.3524590163934426,1.8775893411197426,0.22131147540983606
deep_slow,0.5,2.5,2.5,153,0.009505043314170823,0.22390069776098248,0.00707281254685288,0.12844474110253642,-0.061269764036070096,0.49673202614379086,1.0339044047507862,0.30718954248366015
shallow,0.5,2.5,2.0,150,0.0046669078333697435,0.19065171130355676,0.005639433354041046,0.13258316101284773,-0.047324136141308926,0.46,1.1957766302091195,0.29333333333333333
deep_slow,0.6,1.5,2.5,198,-0.000270114899313196,0.15506879659265319,0.004908278766981189,0.06877493054131975,-0.07939934071939447,0.5656565656565656,0.77734669772661,0.5151515151515151
deep_slow,0.6,2.0,1.0,267,-0.000270114899313196,0.13254033046733066,0.004364349522927968,0.06446934729340369,-0.07531315993406107,0.36329588014981273,1.7699819961010506,0.31086142322097376
shallow,0.6,2.0,2.0,182,-0.00732066809770861,0.12054244599171954,0.0037014901787046917,0.06273665027550589,-0.06563625299350706,0.5054945054945055,0.9883236565667186,0.3791208791208791
shallow,0.5,3.0,1.5,161,0.0046669078333697435,0.10836255378459474,0.002895573460892198,0.06635537494657798,-0.04854308633839621,0.42857142857142855,1.3470578932309374,0.19875776397515527
deep_slow,0.7,2.0,2.5,180,-0.011679573210607598,0.03931431046154355,0.0006929517001124097,0.015987495368598663,-0.048210076080969166,0.5388888888888889,0.8577252182703031,0.37222222222222223
shallow,0.6,2.5,2.0,168,-0.00732066809770861,0.015530642337366016,-0.0001761175285255323,-0.0035672953496614355,-0.05491078098981239,0.4880952380952381,1.0491097714568276,0.27380952380952384
base,0.7,1.5,2.5,199,-0.01070085499890775,-0.019144774899252648,-0.0012391738262856888,-0.02178514385017782,-0.06326157271343191,0.5577889447236181,0.7908562843021186,0.48743718592964824
shallow,0.6,1.5,2.0,205,-0.00732066809770861,-0.040092628463581324,-0.0023051997054703843,-0.04010420314072548,-0.06392354286464319,0.5609756097560976,0.7787646607801527,0.5024390243902439
shallow,0.5,2.0,2.5,159,0.0046669078333697435,-0.045438240112953804,-0.0020921893336434128,-0.04763921228367715,-0.048840914149491765,0.5094339622641509,0.9589140428206294,0.37735849056603776
deep_slow,0.5,3.0,2.0,150,0.009505043314170823,-0.04798633620913533,-0.0022217752117865697,-0.04980910811117117,-0.04960615445457184,0.4666666666666667,1.1360351613577593,0.19333333333333333
base,0.7,3.0,2.0,169,-0.01070085499890775,-0.058112272586034526,-0.002766417347201844,-0.06414313680243,-0.047962125187845484,0.47928994082840237,1.0793771698765224,0.17751479289940827
base,0.7,2.0,2.5,175,-0.01070085499890775,-0.07773719921645386,-0.002891080072566665,-0.07767250699303067,-0.04139240560038948,0.52,0.9165901838896268,0.35428571428571426
deep_slow,0.5,2.0,2.0,172,0.009505043314170823,-0.0885196026308916,-0.0037826365514406213,-0.07033043611809037,-0.059807740779089014,0.48255813953488375,1.0620464098492717,0.37209302325581395
base,0.7,2.5,2.0,176,-0.01070085499890775,-0.09245955978585349,-0.003926210119863938,-0.08726317175568214,-0.05003168492025567,0.48295454545454547,1.0607407440388112,0.26136363636363635
shallow,0.5,2.0,2.0,164,0.0046669078333697435,-0.10052862269555568,-0.004024339111402875,-0.07970181946136058,-0.05614699541800783,0.47560975609756095,1.0920297903689757,0.3719512195121951
deep_slow,0.5,3.0,2.5,144,0.009505043314170823,-0.11289339661478053,-0.0046914080101359,-0.07549187266770763,-0.06910140683894983,0.4930555555555556,1.0149755353284495,0.2222222222222222
shallow,0.7,1.5,2.5,206,-0.02069939223100179,-0.1290153425298703,-0.005535562569267349,-0.08111147194286847,-0.07588269064530706,0.558252427184466,0.7805769569784209,0.48058252427184467
deep_slow,0.5,3.0,1.5,160,0.009505043314170823,-0.14041873198558644,-0.005365790892338795,-0.1377835298286411,-0.04330158866143796,0.425,1.3331384258635834,0.1875
shallow,0.5,1.5,1.5,213,0.0046669078333697435,-0.15140630371956945,-0.0063636907160873335,-0.12476899121380522,-0.05670813689268983,0.5211267605633803,0.9063545892912271,0.49295774647887325
deep_slow,0.5,2.0,2.5,163,0.009505043314170823,-0.1989217906080015,-0.00732217325437734,-0.16036473233921533,-0.050763393989521344,0.5214723926380368,0.8998781495201308,0.37423312883435583
shallow,0.5,2.0,1.0,234,0.0046669078333697435,-0.21656145401349924,-0.00863281928641979,-0.14814954144730028,-0.06477982078228584,0.3504273504273504,1.815041935945461,0.3076923076923077
shallow,0.6,2.0,1.0,260,-0.00732066809770861,-0.21885995260855576,-0.009415395440750984,-0.15809089372593577,-0.06620639313336696,0.35,1.8051707857664958,0.3076923076923077
shallow,0.5,2.5,1.0,211,0.0046669078333697435,-0.2334140925156297,-0.008397161080190507,-0.15620938277081955,-0.05976109511683747,0.33649289099526064,1.9280973377401782,0.22274881516587677
deep_slow,0.6,2.5,2.5,160,-0.000270114899313196,-0.23733789014258222,-0.00856565201818249,-0.1238185158256744,-0.0769066480756796,0.4875,1.0271783142593855,0.29375
shallow,0.5,1.0,2.5,217,0.0046669078333697435,-0.24497021045562803,-0.008794346115149398,-0.17548633658082147,-0.05571135108972447,0.6682027649769585,0.4843464394096711,0.631336405529954
deep_slow,0.7,2.5,1.0,263,-0.011679573210607598,-0.24873678433487487,-0.01023560667600898,-0.1629934856307927,-0.06980578914948277,0.34220532319391633,1.8818296264995038,0.22053231939163498
deep_slow,0.6,3.0,1.5,180,-0.000270114899313196,-0.2583453690104698,-0.009581372156304724,-0.1829735925278784,-0.0582107831310843,0.42777777777777776,1.3044169796240095,0.17222222222222222
shallow,0.5,1.5,0.75,305,0.0046669078333697435,-0.29907714216699827,-0.012335048784903768,-0.1654221655081246,-0.0828788513063693,0.35737704918032787,1.7462361010180392,0.3475409836065574
deep_slow,0.5,2.5,1.0,217,0.009505043314170823,-0.29923991682251966,-0.011867291795125579,-0.1577566736999413,-0.08361263776332029,0.33640552995391704,1.9156904708575029,0.22580645161290322
deep_slow,0.7,1.5,2.5,211,-0.011679573210607598,-0.30429017104886696,-0.01240402738759283,-0.16065188140306635,-0.08581668993865965,0.5639810426540285,0.7508224739295593,0.5023696682464455
shallow,0.6,1.5,1.0,298,-0.00732066809770861,-0.32122244077730433,-0.014206536466622621,-0.2466786671999888,-0.06400400665431849,0.412751677852349,1.371097262348658,0.3959731543624161
deep_slow,0.5,1.5,2.5,181,0.009505043314170823,-0.3315064791689162,-0.01224629249555842,-0.18644471090995607,-0.073005115844896,0.5580110497237569,0.7663776516024365,0.4972375690607735
base,0.6,1.5,2.5,191,0.0010325266825469196,-0.3349432534642946,-0.012167061119177314,-0.17995929808679115,-0.07514707478265104,0.5602094240837696,0.7598957033914957,0.4869109947643979
shallow,0.6,2.5,1.0,237,-0.00732066809770861,-0.3365443955088583,-0.013192970365561996,-0.24218319703736713,-0.06054440954649942,0.3333333333333333,1.9215738535961366,0.2109704641350211
shallow,0.5,3.0,1.0,197,0.0046669078333697435,-0.3401953152947901,-0.011471314304607128,-0.2274522812108665,-0.05605839392116896,0.3197969543147208,2.057964120540359,0.15736040609137056
deep_slow,0.6,2.0,1.5,211,-0.000270114899313196,-0.34305090300606655,-0.013785787035709318,-0.2398360687995401,-0.06388192012562388,0.44075829383886256,1.2305971777365123,0.35545023696682465
deep_slow,0.5,1.0,2.5,217,0.009505043314170823,-0.35491739470241696,-0.012300068667910113,-0.19989462880511963,-0.06839176694909677,0.663594470046083,0.490040506327267,0.6267281105990783
deep_slow,0.5,1.0,2.0,238,0.009505043314170823,-0.3728545535478084,-0.014397177434850139,-0.24378500483286553,-0.06563208828980438,0.6428571428571429,0.5359335411226884,0.6302521008403361
deep_slow,0.5,1.5,2.0,192,0.009505043314170823,-0.3857997114532481,-0.014390343581819787,-0.23912668746097113,-0.06687890258828788,0.53125,0.8502006268773352,0.4895833333333333
shallow,0.6,1.5,0.75,334,-0.00732066809770861,-0.39715915914396405,-0.01647155752683105,-0.25922161425760154,-0.07060870426789412,0.3532934131736527,1.7551697371591768,0.3383233532934132
deep_slow,0.5,2.0,1.5,190,0.009505043314170823,-0.3974143659371938,-0.01515299945682036,-0.28736592387681054,-0.05859905263425402,0.45789473684210524,1.1400496519213126,0.34210526315789475
base,0.6,2.0,2.5,172,0.0010325266825469196,-0.4423363298584264,-0.014476277968573759,-0.3069995785332535,-0.05240383166804752,0.5232558139534884,0.8762368372362781,0.36046511627906974
base,0.7,2.5,2.5,166,-0.01070085499890775,-0.44235267380651644,-0.014308478850117434,-0.2619891266780206,-0.06069574345769402,0.5,0.9628105529394331,0.27710843373493976
shallow,0.6,3.0,1.0,219,-0.00732066809770861,-0.4608323135323882,-0.016184108691296495,-0.34878929133481884,-0.05156173352123994,0.3333333333333333,1.9019476111804454,0.1598173515981735
shallow,0.6,1.0,2.0,256,-0.00732066809770861,-0.46290681989392773,-0.01886197942571699,-0.29530997395614966,-0.07096512963883495,0.6484375,0.5183313785579992,0.62890625
base,0.7,2.0,2.0,192,-0.01070085499890775,-0.46924183862215907,-0.017525966258773895,-0.31644624526583537,-0.061539055200028225,0.4791666666666667,1.0424950105694901,0.359375
shallow,0.5,2.5,1.5,165,0.0046669078333697435,-0.49374959337439,-0.01615700378605145,-0.3212365998309659,-0.05589054443185548,0.42424242424242425,1.2977435529850885,0.2606060606060606
shallow,0.6,1.0,2.5,237,-0.00732066809770861,-0.49533783969276507,-0.018309910781772354,-0.2712317373323705,-0.07500585930541726,0.6751054852320675,0.4593679238972679,0.6329113924050633
deep_slow,0.6,2.0,2.0,188,-0.000270114899313196,-0.5088559124585463,-0.02003871130255075,-0.329498612298452,-0.06756518977552117,0.48404255319148937,1.0171940889191502,0.3829787234042553
deep_slow,0.5,1.5,1.5,211,0.009505043314170823,-0.5214709786921586,-0.019948843054659604,-0.340601597922003,-0.06506988721208307,0.5023696682464455,0.9438731067314083,0.46445497630331756
deep_slow,0.6,1.5,1.5,238,-0.000270114899313196,-0.5294361536663001,-0.0219564235151799,-0.33143351775210445,-0.07359098059974256,0.49159663865546216,0.9861373673764101,0.46638655462184875
deep_slow,0.6,1.5,2.0,213,-0.000270114899313196,-0.5375184983582373,-0.02168148389196478,-0.34548479275392163,-0.06971500787570328,0.5352112676056338,0.8139259148382083,0.5070422535211268
shallow,0.5,1.0,2.0,232,0.0046669078333697435,-0.5585921646203477,-0.020496147718799262,-0.3638747428436758,-0.06257715806058572,0.6422413793103449,0.5274875857681661,0.6206896551724138
shallow,0.6,2.0,0.75,302,-0.00732066809770861,-0.5760686139199732,-0.023350094638876717,-0.3632282086504588,-0.07140588711332596,0.2947019867549669,2.2561210680408768,0.25165562913907286
shallow,0.7,1.5,1.0,315,-0.02069939223100179,-0.5908822760121999,-0.02615612425712721,-0.40691230073409485,-0.07138845925852721,0.4095238095238095,1.3699827025863736,0.38412698412698415
shallow,0.7,1.5,2.0,221,-0.02069939223100179,-0.600140228717662,-0.02502910152096305,-0.3361510333288907,-0.08269784211814535,0.5384615384615384,0.7979664092875366,0.4841628959276018
deep_slow,0.6,2.5,2.0,173,-0.000270114899313196,-0.6102227265396537,-0.023628046909921374,-0.3617532420619389,-0.07254933832477206,0.45664739884393063,1.1218241224953522,0.2658959537572254
deep_slow,0.7,3.0,2.0,172,-0.011679573210607598,-0.6236122231804837,-0.023545867490150862,-0.37054087214513703,-0.07058276603753244,0.48255813953488375,1.0093625194600664,0.18023255813953487
deep_slow,0.6,1.0,1.5,303,-0.000270114899313196,-0.6366374925998172,-0.028794677893354104,-0.3822461873535844,-0.08364866639491475,0.5973597359735974,0.6288634948909919,0.594059405940594
deep_slow,0.7,1.5,2.0,229,-0.011679573210607598,-0.6402670530519996,-0.026719873001411987,-0.3510488355659634,-0.08452950161637651,0.5414847161572053,0.7883200574475896,0.4978165938864629
shallow,0.7,3.0,2.0,174,-0.02069939223100179,-0.6495713666465407,-0.0255756997187222,-0.42594588035720904,-0.06668726797620717,0.46551724137931033,1.0750445556144403,0.1839080459770115
shallow,0.5,1.5,1.0,270,0.0046669078333697435,-0.6565462420408765,-0.026670725495105962,-0.35158136663433914,-0.08424645865120717,0.4111111111111111,1.3486828489942604,0.4
deep_slow,0.6,2.5,0.75,277,-0.000270114899313196,-0.6967794457195602,-0.028189430505064172,-0.34865274634162124,-0.08978384500892,0.2743682310469314,2.4595450718131047,0.19494584837545126
deep_slow,0.7,2.0,2.0,201,-0.011679573210607598,-0.7129522931695077,-0.028373809157052343,-0.42794985813768216,-0.07362497617631603,0.48756218905472637,0.9868643430582615,0.373134328358209
shallow,0.6,2.5,0.75,275,-0.00732066809770861,-0.7165173410366236,-0.02814995548528021,-0.4460243091901391,-0.07008501195330663,0.2690909090909091,2.520489460627521,0.19272727272727272
shallow,0.7,1.5,0.75,366,-0.02069939223100179,-0.7194063053662414,-0.03145724085921631,-0.39887085708393605,-0.08756127798101543,0.3442622950819672,1.7893200809741685,0.32786885245901637
deep_slow,0.7,1.5,1.5,254,-0.011679573210607598,-0.7201339412603661,-0.030031485030952765,-0.5200959430662195,-0.06411395526534436,0.49606299212598426,0.9555354762036834,0.4566929133858268
shallow,0.7,2.5,1.0,253,-0.02069939223100179,-0.7301873239428072,-0.028481718063299355,-0.44401471153324007,-0.071230592110203,0.3359683794466403,1.855277984749313,0.2134387351778656
base,0.6,2.0,2.0,185,0.0010325266825469196,-0.7502350948227868,-0.027769144859126627,-0.5074784475515903,-0.06076595461553369,0.4756756756756757,1.0280107180675973,0.3567567567567568
shallow,0.7,2.0,2.5,182,-0.02069939223100179,-0.7518539703110638,-0.02674191846905949,-0.5214746751675722,-0.05695085479377848,0.510989010989011,0.8967773779159647,0.37362637362637363
shallow,0.6,2.5,1.5,182,-0.00732066809770861,-0.7563331434741424,-0.026640025072228513,-0.4630830387116726,-0.06388798498686277,0.43956043956043955,1.188323907658031,0.24175824175824176
deep_slow,0.6,1.5,1.0,301,-0.000270114899313196,-0.7978235858993248,-0.034199331120090326,-0.48172952849733514,-0.07880791292168321,0.39867109634551495,1.4078251097290075,0.3853820598006645
deep_slow,0.7,2.5,2.5,167,-0.011679573210607598,-0.8384862046191871,-0.029441855734718247,-0.3741055046883341,-0.08738662434536104,0.5029940119760479,0.9159870703514896,0.2754491017964072
base,0.6,2.5,2.5,159,0.0010325266825469196,-0.8391162365387921,-0.027527593188985455,-0.3996923181341186,-0.07648281367037146,0.4779874213836478,1.0140369638128242,0.3018867924528302
deep_slow,0.7,2.5,2.0,180,-0.011679573210607598,-0.8589844207552155,-0.0333357063223233,-0.4702946899007347,-0.07868946440726432,0.4666666666666667,1.0544652261772993,0.25555555555555554
shallow,0.7,2.0,2.0,199,-0.02069939223100179,-0.8718941125521561,-0.035363039532542606,-0.48763775989054303,-0.08049681975382561,0.4824120603015075,0.9906490718385381,0.3768844221105528
base,0.6,2.5,2.0,173,0.0010325266825469196,-0.8737125485847023,-0.03204117275469365,-0.5347922396936166,-0.06651698343318191,0.45664739884393063,1.0968905959671695,0.27167630057803466
shallow,0.5,2.0,1.5,186,0.0046669078333697435,-0.8751521158053331,-0.031501457212552375,-0.4816471379140616,-0.07261466369894776,0.45161290322580644,1.1207690907883825,0.3387096774193548
shallow,0.6,1.0,0.75,398,-0.00732066809770861,-0.885998073336893,-0.03620861465809311,-0.5829747652539842,-0.06893940281515165,0.4371859296482412,1.1836065007975767,0.43467336683417085
base,0.7,2.5,1.0,254,-0.01070085499890775,-0.9012194484958581,-0.034798537684541664,-0.4577989373636276,-0.08437752008993071,0.3464566929133858,1.740437414019111,0.20866141732283464
base,0.6,3.0,1.0,227,0.0010325266825469196,-0.901323263610987,-0.03444679953070662,-0.44025086367056343,-0.086855629862849,0.33480176211453744,1.824692558979151,0.15418502202643172
deep_slow,0.6,2.0,0.75,300,-0.000270114899313196,-0.9019793789702781,-0.03606010227709522,-0.4289237811044142,-0.09331595376987656,0.29,2.2443452673604294,0.25333333333333335
deep_slow,0.7,2.0,1.5,227,-0.011679573210607598,-0.9122929335873583,-0.0359413503797249,-0.6623368194173983,-0.06023203362489804,0.43612334801762115,1.1988159412797312,0.34801762114537443
shallow,0.5,2.0,0.75,276,0.0046669078333697435,-0.9185395725268609,-0.03522312239976033,-0.516422641511098,-0.07570987533573792,0.286231884057971,2.2837827699488735,0.2463768115942029
deep_slow,0.7,2.0,1.0,286,-0.011679573210607598,-0.9206404184502819,-0.03780425458886305,-0.525210770209003,-0.07988634873776312,0.34965034965034963,1.7251367692866242,0.2902097902097902
shallow,0.6,1.0,1.0,359,-0.00732066809770861,-0.921562613503407,-0.03987536982314299,-0.4832601112760589,-0.09156668772817855,0.5041782729805014,0.8989789003929369,0.4986072423398329
deep_slow,0.7,3.0,2.5,157,-0.011679573210607598,-0.9238053398829426,-0.029537731252311628,-0.3820873213857326,-0.08583926830197075,0.5286624203821656,0.8201845485666447,0.17834394904458598
deep_slow,0.7,1.0,2.0,280,-0.011679573210607598,-0.9291911228309031,-0.039547088205796666,-0.4352413910515925,-0.10083383063954532,0.6392857142857142,0.511016304454426,0.625
shallow,0.6,1.5,1.5,229,-0.00732066809770861,-0.9417972688659526,-0.03703625107927677,-0.5437251586628405,-0.07560182716559327,0.5021834061135371,0.9115849738058542,0.45414847161572053
deep_slow,0.5,1.0,1.5,270,0.009505043314170823,-0.9566577504387658,-0.0402825343841644,-0.5657841829736833,-0.0790077193192753,0.5925925925925926,0.6279049101305333,0.5888888888888889
deep_slow,0.7,1.5,1.0,326,-0.011679573210607598,-0.9635865141734969,-0.04222658377899813,-0.6546298413020794,-0.07157230476138776,0.3987730061349693,1.3922647324172057,0.3773006134969325
deep_slow,0.6,1.0,2.5,240,-0.000270114899313196,-1.0182828744970607,-0.036825616754176616,-0.44398577457238075,-0.09205999234689621,0.6541666666666667,0.4817571055752237,0.6208333333333333
shallow,0.6,3.0,1.5,175,-0.00732066809770861,-1.0198915259286607,-0.03412472001843536,-0.6617367540310828,-0.05724547744673203,0.4228571428571429,1.2467727595366305,0.18285714285714286
shallow,0.7,3.0,1.5,193,-0.02069939223100179,-1.0258007468020998,-0.037672508056901144,-0.6496277527732126,-0.06436188752186534,0.40932642487046633,1.314215095397752,0.18134715025906736
deep_slow,0.6,3.0,2.0,165,-0.000270114899313196,-1.0290542748357858,-0.03850039541148975,-0.61869694890497,-0.0690613929013616,0.46060606060606063,1.0565662355998335,0.17575757575757575
base,0.6,2.5,0.75,275,0.0010325266825469196,-1.0342559255386965,-0.040026496462883476,-0.48697611668921786,-0.09121155595133135,0.27636363636363637,2.3777532892763125,0.1890909090909091
shallow,0.7,2.0,1.0,278,-0.02069939223100179,-1.0507596020080088,-0.042599000044985846,-0.5657231067492507,-0.08354895199868195,0.34532374100719426,1.7368443006901786,0.2949640287769784
base,0.6,3.0,2.0,165,0.0010325266825469196,-1.0622521048324696,-0.039546967387418364,-0.6958699107698492,-0.06306771173979664,0.4484848484848485,1.1079269703942722,0.17575757575757575
base,0.5,2.5,2.0,163,0.011181462595549165,-1.0747246931688323,-0.0386703581511586,-0.6492636560123954,-0.06609992554042232,0.4539877300613497,1.0846844220863394,0.27607361963190186
deep_slow,0.6,1.5,0.75,339,-0.000270114899313196,-1.0851476615285083,-0.04553096879251495,-0.4966757305865295,-0.10169647596586584,0.3392330383480826,1.7682359160714163,0.3303834808259587
base,0.5,3.0,2.5,141,0.011181462595549165,-1.0853165027979799,-0.035342853422749454,-0.579143500933288,-0.06773956286411265,0.48226950354609927,0.9615032266565566,0.18439716312056736
deep_slow,0.5,2.0,1.0,239,0.009505043314170823,-1.0912964085540526,-0.0422864747694619,-0.5178610877666443,-0.09060278659429111,0.3389121338912134,1.7652238157860565,0.28451882845188287
shallow,0.5,1.0,1.0,324,0.0046669078333697435,-1.108474911093709,-0.044492992294449585,-0.5881547463885082,-0.08392628920720724,0.5,0.9033616027238112,0.49691358024691357
base,0.6,1.5,2.0,207,0.0010325266825469196,-1.1151759224099624,-0.04224935038920152,-0.6116301396128898,-0.07664528452976815,0.5217391304347826,0.8148087866962684,0.47342995169082125
deep_slow,0.5,2.5,0.75,249,0.009505043314170823,-1.1190905015845005,-0.04424149447805026,-0.488978219394691,-0.10037940082209795,0.2570281124497992,2.579535395643989,0.19678714859437751
base,0.7,1.5,2.0,218,-0.01070085499890775,-1.1217656336611306,-0.04289950582580948,-0.6763298130370512,-0.07037716103752034,0.5229357798165137,0.8268765617495084,0.47706422018348627
deep_slow,0.6,1.0,2.0,266,-0.000270114899313196,-1.1244022027265366,-0.046045815600238904,-0.6234767289342298,-0.08192735619276348,0.631578947368421,0.5183797181371136,0.6203007518796992
base,0.5,3.0,2.0,153,0.011181462595549165,-1.148141937661719,-0.039761886071550734,-0.732086742322333,-0.06027274959841877,0.4444444444444444,1.1154396851318285,0.1830065359477124
shallow,0.6,1.0,1.5,297,-0.00732066809770861,-1.169035996580914,-0.051403696072652716,-0.6309150064863939,-0.0903540550266898,0.5959595959595959,0.6092746076335903,0.5892255892255892
base,0.5,1.0,2.5,216,0.011181462595549165,-1.1813580024304586,-0.0394972328747385,-0.5955489230416401,-0.07359908538457693,0.6620370370370371,0.45737959119057214,0.6111111111111112
base,0.5,2.0,1.5,193,0.011181462595549165,-1.1814954969461917,-0.04185101899295274,-0.8666773237985755,-0.05358125326990881,0.44559585492227977,1.118355850501224,0.3316062176165803
base,0.6,2.0,1.5,212,0.0010325266825469196,-1.18473849676855,-0.04492336421477272,-0.7741819132489881,-0.06437488420111237,0.44339622641509435,1.134475461902603,0.33962264150943394
shallow,0.7,2.5,2.0,184,-0.02069939223100179,-1.1888190915102819,-0.04739639250079386,-0.7244334991809256,-0.07257245796813239,0.46195652173913043,1.0401079688499693,0.2554347826086957
base,0.6,3.0,1.5,184,0.0010325266825469196,-1.1951115034224964,-0.04172874098547685,-0.6900181495602778,-0.06710302451380856,0.41847826086956524,1.2493547567480363,0.1793478260869565
shallow,0.5,1.0,1.5,272,0.0046669078333697435,-1.1973378375053947,-0.04878369082246026,-0.5845039903241452,-0.09257150836395844,0.5992647058823529,0.598476695056954,0.5919117647058824
deep_slow,0.7,2.5,1.5,205,-0.011679573210607598,-1.1977786812472342,-0.04447323814266768,-0.7014052578287657,-0.07034419170334527,0.4146341463414634,1.2725440270129478,0.23414634146341465
shallow,0.5,2.5,0.75,247,0.0046669078333697435,-1.2081635549239578,-0.0438204223802916,-0.6045034179919654,-0.08042529978188351,0.2591093117408907,2.5376703662975357,0.1862348178137652
base,0.5,3.0,1.5,169,0.011181462595549165,-1.24556553253472,-0.04303320569319147,-0.7598167700655052,-0.06283902797405994,0.40236686390532544,1.3154825724604013,0.17159763313609466
shallow,0.6,2.0,1.5,203,-0.00732066809770861,-1.2457799168955412,-0.04694989457777643,-0.6803807612997079,-0.07654536411874358,0.43842364532019706,1.1454697137785528,0.33497536945812806
base,0.5,3.0,1.0,212,0.011181462595549165,-1.2534945177992467,-0.04441965631178624,-0.6606691737772631,-0.07459178568070957,0.32075471698113206,1.8626201180122037,0.15566037735849056
base,0.5,2.5,1.0,224,0.011181462595549165,-1.2652991039094226,-0.04475508057323008,-0.6881456124132039,-0.07215284040637115,0.33035714285714285,1.79115328677066,0.20535714285714285
deep_slow,0.7,2.5,0.75,306,-0.011679573210607598,-1.2736137040246944,-0.0519724098650407,-0.6055011731630586,-0.09518481731826278,0.2647058823529412,2.464709236223257,0.18627450980392157
base,0.7,3.0,2.5,158,-0.01070085499890775,-1.3037555705439912,-0.044880473086128414,-0.7409719379039885,-0.06719608207524286,0.5063291139240507,0.8581571367274078,0.17088607594936708
deep_slow,0.5,1.5,1.0,263,0.009505043314170823,-1.3155810350451693,-0.05213640140948572,-0.7192086022134461,-0.08038811709143956,0.38783269961977185,1.3987964143533234,0.3688212927756654
base,0.5,2.0,1.0,247,0.011181462595549165,-1.3199019104765577,-0.049309536129568565,-0.7861538907946818,-0.06956651959748084,0.3441295546558704,1.6829609609660041,0.2874493927125506
deep_slow,0.7,1.0,1.5,329,-0.011679573210607598,-1.3286565179732908,-0.06119046716604715,-0.7239231530671031,-0.09368452445440356,0.5775075987841946,0.6456605381622432,0.574468085106383
base,0.6,2.5,1.5,188,0.0010325266825469196,-1.3440092514479425,-0.045550371066597095,-0.7513480892996495,-0.06725463150377442,0.4308510638297872,1.1772475053367573,0.24468085106382978
shallow,0.7,2.5,2.5,166,-0.02069939223100179,-1.3588145509073046,-0.045732632483675095,-0.7367654381179569,-0.0688594965118361,0.5060240963855421,0.8623873887448508,0.24096385542168675
deep_slow,0.7,1.5,0.75,376,-0.011679573210607598,-1.3698676234125642,-0.05902658859301024,-0.7056499519774754,-0.09272349864278528,0.32978723404255317,1.811288566039701,0.31648936170212766
base,0.6,2.5,1.0,243,0.0010325266825469196,-1.3758836948823432,-0.05194188589030979,-0.5864727394063781,-0.09821559880277952,0.3333333333333333,1.7706900787773598,0.205761316872428
base,0.6,2.0,1.0,268,0.0010325266825469196,-1.400117535366728,-0.05547809258744796,-0.6511043629639137,-0.0944696251491054,0.34701492537313433,1.6706411300094104,0.2873134328358209
base,0.5,2.5,1.5,172,0.011181462595549165,-1.4226563523717255,-0.04562055019290823,-0.7725211863416327,-0.06551184367346674,0.4186046511627907,1.2197398803759443,0.22674418604651161
shallow,0.5,1.0,0.75,359,0.0046669078333697435,-1.4351684235148332,-0.05490065201313932,-0.717347371121991,-0.08485625596858604,0.42618384401114207,1.1800994833146838,0.4233983286908078
base,0.7,1.5,1.5,243,-0.01070085499890775,-1.438317592760724,-0.05557311394689446,-0.8520797526229231,-0.07231083236084834,0.4897119341563786,0.9249068939683883,0.4403292181069959
shallow,0.7,3.0,2.5,160,-0.02069939223100179,-1.4745965296374903,-0.04723536201703471,-0.8307758506799123,-0.06306850023943944,0.5125,0.8326521773252916,0.16875
base,0.7,3.0,1.5,189,-0.01070085499890775,-1.4860799274348608,-0.05102294935379903,-0.7784962764305156,-0.07268466238927751,0.4126984126984127,1.2530973349637968,0.1746031746031746
base,0.6,3.0,2.5,150,0.0010325266825469196,-1.4894688231076332,-0.05331510390556471,-0.7094758032954531,-0.08332754765918948,0.48,0.9315970177440116,0.17333333333333334
base,0.6,2.0,0.75,303,0.0010325266825469196,-1.49002715633539,-0.05806707578449788,-0.7367260445449354,-0.0873734908360504,0.2838283828382838,2.212101198680945,0.24092409240924093
deep_slow,0.7,1.0,2.5,250,-0.011679573210607598,-1.4929332461727562,-0.05510861492003971,-0.6182842574557279,-0.09882388542385911,0.648,0.4756969126762368,0.612
base,0.5,1.5,1.5,214,0.011181462595549165,-1.4958019729999565,-0.055082886511089835,-1.0120064976616225,-0.06034824681996109,0.48130841121495327,0.9393830288459781,0.43457943925233644
deep_slow,0.5,2.0,0.75,273,0.009505043314170823,-1.5053398501061737,-0.05883780281967077,-0.6323285420358584,-0.1031454056232689,0.2783882783882784,2.2420599287628002,0.23809523809523808
shallow,0.7,1.0,2.0,277,-0.02069939223100179,-1.5171285190307364,-0.06324281895981687,-0.6561375431368561,-0.10681709250507987,0.6245487364620939,0.516848740070105,0.6101083032490975
shallow,0.7,2.5,0.75,301,-0.02069939223100179,-1.5243448982797592,-0.06173823794641897,-0.74964211402414,-0.09127732431816993,0.2591362126245847,2.4762083913629995,0.18272425249169436
base,0.7,2.5,0.75,299,-0.01070085499890775,-1.5522329784761861,-0.06066853108713555,-0.7526335523004603,-0.08934488738497803,0.26421404682274247,2.4166551071893383,0.17391304347826086
deep_slow,0.6,3.0,2.5,153,-0.000270114899313196,-1.552661382312377,-0.04816655284140081,-0.6976026504081815,-0.0765848984987384,0.48366013071895425,0.9269497879616531,0.1830065359477124
base,0.6,1.5,1.5,237,0.0010325266825469196,-1.582529864657166,-0.06265649900151715,-0.8655866695021556,-0.08022225897845492,0.48523206751054854,0.9243892500217489,0.4430379746835443
deep_slow,0.6,1.0,1.0,358,-0.000270114899313196,-1.5899436528992295,-0.06814991651891322,-0.7652810553551069,-0.09866061995917652,0.48324022346368717,0.9233001980957214,0.48044692737430167
deep_slow,0.6,1.0,0.75,397,-0.000270114899313196,-1.5929409716999414,-0.06550558158011877,-0.8039751420492025,-0.0902822852196754,0.4181360201511335,1.2034827913874553,0.4181360201511335
base,0.7,2.0,1.5,223,-0.01070085499890775,-1.5946032448837624,-0.061113666908480635,-0.9270195200252476,-0.07306812578446908,0.4304932735426009,1.1603699312814242,0.336322869955157
base,0.5,1.0,2.0,232,0.011181462595549165,-1.6041474676466536,-0.05832273951061051,-0.8214161653628618,-0.07870891904994282,0.625,0.5156460678895055,0.603448275862069
base,0.5,2.5,2.5,152,0.011181462595549165,-1.6110825886539941,-0.05232479734568429,-0.8238196005142929,-0.07043302790692219,0.48026315789473684,0.9319584332321194,0.28289473684210525
shallow,0.7,2.5,1.5,204,-0.02069939223100179,-1.611588791977255,-0.05984670363753586,-1.0423966895477186,-0.06363819603766485,0.4117647058823529,1.2397657271514226,0.23039215686274508
shallow,0.7,2.0,1.5,225,-0.02069939223100179,-1.6222006400988693,-0.06391866320428674,-0.9909204823025827,-0.07148190457339398,0.4266666666666667,1.1703290338357735,0.3333333333333333
deep_slow,0.5,1.0,0.75,351,0.009505043314170823,-1.6258515319553837,-0.06368549137800517,-0.6663932737967603,-0.10590660975062349,0.41595441595441596,1.2057887616926106,0.41595441595441596
deep_slow,0.7,1.0,1.0,389,-0.011679573210607598,-1.6513525429634106,-0.07328366163306066,-0.7542850754132389,-0.10760685834581307,0.4832904884318766,0.9245953130391349,0.480719794344473
deep_slow,0.7,3.0,1.5,193,-0.011679573210607598,-1.6539158983896496,-0.05808682211756189,-0.8466307961246891,-0.0760569332658595,0.40932642487046633,1.2444726771023211,0.15544041450777202
deep_slow,0.5,1.5,0.75,303,0.009505043314170823,-1.656659885925318,-0.0644784037944488,-0.6680602501946842,-0.10695267353983628,0.32673267326732675,1.7649799770059793,0.31683168316831684
shallow,0.7,1.0,2.5,250,-0.02069939223100179,-1.664700293829788,-0.06145190237394482,-0.6490016665096242,-0.10494444076790432,0.648,0.4686914918128617,0.612
base,0.5,1.5,1.0,268,0.011181462595549165,-1.666446765153873,-0.0640449209566194,-0.8903617285544716,-0.07971173024937006,0.3880597014925373,1.3475907308165649,0.3619402985074627
base,0.7,2.5,1.5,198,-0.01070085499890775,-1.6809862936971096,-0.05800432825806878,-0.87481317143539,-0.07350255446033727,0.41919191919191917,1.2058935230357735,0.23232323232323232
deep_slow,0.5,1.0,1.0,312,0.009505043314170823,-1.6830573717633122,-0.06818014689014262,-0.7059685729397711,-0.10699691784817766,0.4775641025641026,0.9339298634778852,0.47435897435897434
base,0.5,2.0,2.0,173,0.011181462595549165,-1.698364528689174,-0.059577625478502316,-0.9201218238282443,-0.07177204669893189,0.45664739884393063,1.0141951133917466,0.3468208092485549
base,0.5,2.5,0.75,251,0.011181462595549165,-1.737155922638441,-0.06372169485580559,-0.7307232415472549,-0.09663771305509172,0.2589641434262948,2.3919252087407963,0.17928286852589642
base,0.5,1.5,2.0,191,0.011181462595549165,-1.7514870584501052,-0.06402074080309483,-0.9846841879628102,-0.07204906881399942,0.5078534031413613,0.8195794814704881,0.45549738219895286
base,0.6,1.5,1.0,300,0.0010325266825469196,-1.767966907045712,-0.07316703831120774,-0.8120546300231881,-0.09979333113598099,0.3933333333333333,1.3250946395142238,0.36
shallow,0.7,1.5,1.5,253,-0.02069939223100179,-1.7835771146117674,-0.07480509822324799,-0.9472110818125472,-0.08746086552179588,0.48221343873517786,0.9186430860915308,0.43478260869565216
base,0.7,1.0,2.0,267,-0.01070085499890775,-1.8117923168443393,-0.07056847796633148,-0.7980139467436995,-0.0979575707026984,0.6179775280898876,0.5194643950507256,0.599250936329588
base,0.5,1.5,2.5,176,0.011181462595549165,-1.8312081910456157,-0.06194382901531481,-0.9392331750874355,-0.07309405397418067,0.5340909090909091,0.7316409228248747,0.44886363636363635
base,0.5,1.5,0.75,309,0.011181462595549165,-1.87129618271238,-0.07247814088493643,-0.8251197168219021,-0.09729241814774425,0.32038834951456313,1.772387577826669,0.313915857605178
base,0.5,2.0,2.5,158,0.011181462595549165,-1.884986393718046,-0.05981361416291875,-0.8767376181158958,-0.07562090875234884,0.4873417721518987,0.880260726721842,0.34177215189873417
deep_slow,0.7,2.0,0.75,337,-0.011679573210607598,-1.8955871275794487,-0.07660802610995832,-0.8727289467326476,-0.09720262902336474,0.27299703264094954,2.260831596620425,0.2314540059347181
base,0.7,1.5,1.0,318,-0.01070085499890775,-1.9022399739451417,-0.07947539355602085,-0.8911658384063725,-0.09873784494413751,0.3867924528301887,1.3532400216429474,0.36163522012578614
base,0.5,2.0,0.75,281,0.011181462595549165,-1.903864859704104,-0.070873209452463,-0.906543146721777,-0.08660113264698266,0.27402135231316727,2.20564141124451,0.2313167259786477
shallow,0.7,1.0,0.75,440,-0.02069939223100179,-1.92751035080356,-0.08250235935661587,-1.0147003846134457,-0.09000365373989794,0.4113636363636364,1.2120215659356481,0.4113636363636364
shallow,0.7,1.0,1.0,388,-0.02069939223100179,-1.9426324927947105,-0.08556499653247185,-0.8698868037290732,-0.10886443332109819,0.4793814432989691,0.9169700276540458,0.47680412371134023
base,0.6,1.5,0.75,346,0.0010325266825469196,-1.958211964841169,-0.08096960187598345,-0.822466558424276,-0.10898702894670143,0.3208092485549133,1.7822884458321064,0.3092485549132948
base,0.7,1.0,1.0,377,-0.01070085499890775,-1.9744181394184148,-0.08423273001841358,-0.903227758957576,-0.1032216025412841,0.48010610079575594,0.9125731097128044,0.47214854111405835
deep_slow,0.7,1.0,0.75,442,-0.011679573210607598,-2.0343721813254123,-0.08649479475057154,-1.012040374247776,-0.09458466848657676,0.4072398190045249,1.223958055205891,0.4072398190045249
shallow,0.7,2.0,0.75,327,-0.02069939223100179,-2.059338885596107,-0.08288944145433741,-0.8656086513680321,-0.10599838522817329,0.2691131498470948,2.2635060065320127,0.22935779816513763
base,0.7,1.0,1.5,312,-0.01070085499890775,-2.0632433918346993,-0.08847819229921461,-1.0343282112607266,-0.0946575402231673,0.5673076923076923,0.633952087953899,0.5576923076923077
base,0.5,1.0,0.75,365,0.011181462595549165,-2.0971998296270784,-0.08149757503472554,-0.9298439475029593,-0.09702688483099009,0.410958904109589,1.1767020196191673,0.40821917808219177
base,0.7,2.0,1.0,282,-0.01070085499890775,-2.103335443830195,-0.08261699713615123,-0.9155734932507182,-0.09988604980547566,0.3333333333333333,1.6815517409890435,0.2730496453900709
base,0.5,1.0,1.5,277,0.011181462595549165,-2.119234909232572,-0.08718126294361173,-1.0582150063192481,-0.09117171328414853,0.5667870036101083,0.6288907570351795,0.555956678700361
base,0.5,1.0,1.0,326,0.011181462595549165,-2.125162543325602,-0.08465487847875985,-1.0446922107072558,-0.08968911573223604,0.4754601226993865,0.9027891048118103,0.4662576687116564
shallow,0.7,1.0,1.5,325,-0.02069939223100179,-2.184165115850882,-0.09871184978540959,-0.9802588679224321,-0.11136281335553821,0.5661538461538461,0.6293526082473444,0.56
base,0.6,1.0,2.5,227,0.0010325266825469196,-2.185504758471167,-0.07160467720486186,-0.9111469957222862,-0.08704908272089962,0.6343612334801763,0.4754350515072423,0.5859030837004405
base,0.6,1.0,1.0,361,0.0010325266825469196,-2.191892865069377,-0.09257274004504712,-0.9263211522622434,-0.11055867308137157,0.47368421052631576,0.913219358587886,0.46814404432132967
base,0.7,2.0,0.75,328,-0.01070085499890775,-2.350619784507685,-0.09170889582906627,-1.004233658164587,-0.10103465752291252,0.2682926829268293,2.2297646989492637,0.21951219512195122
base,0.7,1.0,2.5,239,-0.01070085499890775,-2.373715771860697,-0.08215365882378778,-0.9264210409797797,-0.0981655440191529,0.6276150627615062,0.4831738278556091,0.5815899581589958
base,0.6,1.0,1.5,300,0.0010325266825469196,-2.4941217450695055,-0.10540190463295152,-1.0659909435399237,-0.10930295911743715,0.5566666666666666,0.6346888277408019,0.5466666666666666
base,0.7,1.5,0.75,370,-0.01070085499890775,-2.4960439394529232,-0.10277208457925358,-0.9581426967512683,-0.118590724684837,0.3108108108108108,1.7926712580065534,0.2972972972972973
base,0.6,1.0,2.0,252,0.0010325266825469196,-2.6844071454218947,-0.10098665251061356,-1.0637749588276062,-0.1049703352852609,0.5952380952380952,0.5259366042163117,0.5753968253968254
base,0.7,1.0,0.75,429,-0.01070085499890775,-2.774922990872662,-0.11450214007800885,-1.0118099263391713,-0.1250295479159932,0.3962703962703963,1.204931996737959,0.3939393939393939
base,0.6,1.0,0.75,404,0.0010325266825469196,-2.806239004519869,-0.11449397185448995,-1.0359060725994658,-0.1221125921976034,0.39603960396039606,1.1892850970208728,0.3935643564356436
