side,entry_idx,exit_idx,entry_time,exit_time,entry_price,exit_price,tp,sl,exit_reason,bars_held,gross_ret,net_ret,pnl_usdt
long,9190,9202,2024-12-12 20:00:00+00:00,2024-12-14 20:00:00+00:00,227.21,219.91,246.3735705451915,211.2403578790071,timeout,13,-0.03212886756744866,-0.033128867567448664,-3.3128867567448665
long,9209,9215,2024-12-16 00:00:00+00:00,2024-12-17 00:00:00+00:00,224.27,212.05044381510947,238.93346742186864,212.05044381510947,sl,7,-0.05448591512413847,-0.055485915124138474,-5.548591512413847
long,9218,9226,2024-12-17 12:00:00+00:00,2024-12-18 20:00:00+00:00,221.63,208.61216122922943,237.25140652492468,208.61216122922943,sl,9,-0.05873680806195265,-0.059736808061952654,-5.973680806195265
long,9228,9231,2024-12-19 04:00:00+00:00,2024-12-19 16:00:00+00:00,208.83,193.18774374414377,227.6007075070275,193.18774374414377,sl,4,-0.07490425827637906,-0.07590425827637906,-7.590425827637906
long,9237,9249,2024-12-20 16:00:00+00:00,2024-12-22 16:00:00+00:00,189.89,178.48,216.05671757018945,168.08440202484212,timeout,13,-0.06008741903207118,-0.06108741903207118,-6.108741903207118
long,9252,9264,2024-12-23 04:00:00+00:00,2024-12-25 04:00:00+00:00,186.26,198.12,208.49445385349014,167.73128845542487,timeout,13,0.06367443358745847,0.06267443358745847,6.267443358745847
long,9266,9278,2024-12-25 12:00:00+00:00,2024-12-27 12:00:00+00:00,195.8,184.14,213.49573900474857,181.0535508293762,timeout,13,-0.059550561797752935,-0.060550561797752936,-6.055056179775294
long,9280,9292,2024-12-27 20:00:00+00:00,2024-12-29 20:00:00+00:00,186.91,189.96,202.51582826249705,173.9051431145858,timeout,13,0.01631801401744161,0.015318014017441609,1.5318014017441608
long,9294,9306,2024-12-30 04:00:00+00:00,2025-01-01 04:00:00+00:00,191.35,190.06,204.20376896154426,180.6385258653798,timeout,13,-0.006741573033707824,-0.007741573033707824,-0.7741573033707824
long,9311,9313,2025-01-02 00:00:00+00:00,2025-01-02 08:00:00+00:00,194.28,207.31165371950104,207.31165371950104,183.42028856708248,tp,3,0.06707666110511137,0.06607666110511137,6.607666110511137
long,9315,9327,2025-01-02 16:00:00+00:00,2025-01-04 16:00:00+00:00,206.77,215.56,220.79855299569633,195.0795391702531,timeout,13,0.04251100256323447,0.04151100256323447,4.151100256323447
long,9329,9341,2025-01-05 00:00:00+00:00,2025-01-07 00:00:00+00:00,216.65,217.39,227.90204591424288,207.27329507146428,timeout,13,0.003415647357488948,0.002415647357488948,0.2415647357488948
long,9343,9344,2025-01-07 08:00:00+00:00,2025-01-07 12:00:00+00:00,216.08,206.98886501362495,226.9893619836501,206.98886501362495,sl,2,-0.04207300530532704,-0.04307300530532704,-4.307300530532704
long,9376,9379,2025-01-12 20:00:00+00:00,2025-01-13 08:00:00+00:00,188.91,179.31034616432558,200.42958460280929,179.31034616432558,sl,4,-0.05081601733986775,-0.05181601733986775,-5.181601733986775
long,9381,9392,2025-01-13 16:00:00+00:00,2025-01-15 12:00:00+00:00,178.8,193.66949778353305,193.66949778353305,166.4087518470558,tp,12,0.08316273928150467,0.08216273928150467,8.216273928150466
long,9394,9398,2025-01-15 20:00:00+00:00,2025-01-16 12:00:00+00:00,201.89,216.5700839378002,216.5700839378002,189.6565967184998,tp,5,0.07271327920055586,0.07171327920055585,7.171327920055585
long,9400,9408,2025-01-16 20:00:00+00:00,2025-01-18 04:00:00+00:00,214.21,231.73668226989412,231.73668226989412,199.6044314417549,tp,9,0.08182009369261056,0.08082009369261056,8.082009369261057
long,9410,9411,2025-01-18 12:00:00+00:00,2025-01-18 16:00:00+00:00,238.93,261.37166735063374,261.37166735063374,220.22861054113858,tp,2,0.09392569937066812,0.09292569937066812,9.292569937066812
long,9413,9415,2025-01-19 00:00:00+00:00,2025-01-19 08:00:00+00:00,261.96,293.1867868692938,293.1867868692938,235.93767760892177,tp,3,0.11920440857113242,0.11820440857113242,11.820440857113242
long,9417,9419,2025-01-19 16:00:00+00:00,2025-01-20 00:00:00+00:00,270.5,236.13394289328446,311.7392685280587,236.13394289328446,sl,3,-0.12704642183628667,-0.12804642183628667,-12.804642183628667
long,9421,9433,2025-01-20 08:00:00+00:00,2025-01-22 08:00:00+00:00,261.93,257.75,312.6909552902406,219.6292039247995,timeout,13,-0.01595846218455315,-0.01695846218455315,-1.6958462184553151
long,9435,9447,2025-01-22 16:00:00+00:00,2025-01-24 16:00:00+00:00,257.3,262.05,296.1730174268917,224.90581881092362,timeout,13,0.018460940536338902,0.0174609405363389,1.7460940536338903
long,9449,9461,2025-01-25 00:00:00+00:00,2025-01-27 00:00:00+00:00,253.36,235.83,286.7693638211757,225.5188634823536,timeout,13,-0.06919008525418377,-0.07019008525418377,-7.019008525418377
long,9463,9475,2025-01-27 08:00:00+00:00,2025-01-29 08:00:00+00:00,227.52,231.99,254.07365537675236,205.3919538527064,timeout,13,0.019646624472573832,0.01864662447257383,1.8646624472573832
long,9480,9492,2025-01-30 04:00:00+00:00,2025-02-01 04:00:00+00:00,240.2,230.68,266.18290965743137,218.54757528547384,timeout,13,-0.039633638634471204,-0.040633638634471204,-4.063363863447121
long,9503,9503,2025-02-03 00:00:00+00:00,2025-02-03 00:00:00+00:00,203.51,183.49741186430683,227.52510576283177,183.49741186430683,sl,1,-0.09833712414963965,-0.09933712414963965,-9.933712414963965
long,9505,9517,2025-02-03 08:00:00+00:00,2025-02-05 08:00:00+00:00,199.09,206.29,227.62200445876823,175.31332961769314,timeout,13,0.036164548696569335,0.035164548696569334,3.5164548696569335
long,9544,9556,2025-02-09 20:00:00+00:00,2025-02-11 20:00:00+00:00,199.11,197.99,216.15891822232862,184.90256814805952,timeout,13,-0.0056250313896841165,-0.0066250313896841165,-0.6625031389684116
long,9558,9570,2025-02-12 04:00:00+00:00,2025-02-14 04:00:00+00:00,194.32,196.58,210.09201337396402,181.17665552169663,timeout,13,0.011630300535199771,0.010630300535199772,1.0630300535199773
long,9573,9585,2025-02-14 16:00:00+00:00,2025-02-16 16:00:00+00:00,200.86,189.10935734526208,214.96077118568553,189.10935734526208,sl,13,-0.058501656152235036,-0.05950165615223504,-5.950165615223503
long,9587,9591,2025-02-17 00:00:00+00:00,2025-02-17 16:00:00+00:00,188.26,178.71059823172845,199.71928212192583,178.71059823172845,sl,5,-0.050724539298159656,-0.05172453929815966,-5.1724539298159655
long,9606,9618,2025-02-20 04:00:00+00:00,2025-02-22 04:00:00+00:00,172.43,171.74,188.4721477551698,159.06154353735852,timeout,13,-0.004001623847358335,-0.005001623847358335,-0.5001623847358335
long,9620,9629,2025-02-22 12:00:00+00:00,2025-02-24 00:00:00+00:00,173.55,161.579553027739,187.91453636671324,161.579553027739,sl,10,-0.06897405342702977,-0.06997405342702977,-6.997405342702977
long,9633,9634,2025-02-24 16:00:00+00:00,2025-02-24 20:00:00+00:00,152.71,141.1190894312205,166.61909268253544,141.1190894312205,sl,2,-0.07590145091205239,-0.07690145091205239,-7.690145091205239
long,9638,9650,2025-02-25 12:00:00+00:00,2025-02-27 12:00:00+00:00,141.24,139.63,159.5301311383959,125.99822405133676,timeout,13,-0.011399037099971775,-0.012399037099971776,-1.2399037099971775
long,9656,9659,2025-02-28 12:00:00+00:00,2025-03-01 00:00:00+00:00,133.52,150.88878617757146,150.88878617757146,119.04601151869046,tp,4,0.1300837790411283,0.1290837790411283,12.90837790411283
long,9661,9668,2025-03-01 08:00:00+00:00,2025-03-02 12:00:00+00:00,142.5,160.42425037973211,160.42425037973211,127.56312468355657,tp,8,0.12578421319110256,0.12478421319110256,12.478421319110256
long,9670,9675,2025-03-02 20:00:00+00:00,2025-03-03 16:00:00+00:00,172.18,153.75143264293797,194.29428082847443,153.75143264293797,sl,6,-0.10703082446893969,-0.10803082446893969,-10.803082446893969
long,9677,9689,2025-03-04 00:00:00+00:00,2025-03-06 00:00:00+00:00,142.15,148.73,168.4190796787127,120.25910026773941,timeout,13,0.0462891311994371,0.0452891311994371,4.52891311994371
long,9691,9703,2025-03-06 08:00:00+00:00,2025-03-08 08:00:00+00:00,148.64,137.59,169.8548547356838,130.96095438693013,timeout,13,-0.07434068891280936,-0.07534068891280936,-7.534068891280936
long,9717,9729,2025-03-10 16:00:00+00:00,2025-03-12 16:00:00+00:00,121.95,125.05,138.12395833590816,108.4717013867432,timeout,13,0.02542025420254198,0.02442025420254198,2.4420254202541978
long,9738,9750,2025-03-14 04:00:00+00:00,2025-03-16 04:00:00+00:00,124.5,134.64,137.4755321121631,113.68705657319742,timeout,13,0.08144578313253001,0.08044578313253001,8.044578313253
long,9752,9764,2025-03-16 12:00:00+00:00,2025-03-18 12:00:00+00:00,129.93,122.58,140.52332469050938,121.10222942457553,timeout,13,-0.05656892172708388,-0.05756892172708388,-5.756892172708388
long,9771,9783,2025-03-19 16:00:00+00:00,2025-03-21 16:00:00+00:00,132.34,128.24,141.92155873224146,124.35536772313212,timeout,13,-0.03098080701224115,-0.03198080701224115,-3.1980807012241153
long,9788,9798,2025-03-22 12:00:00+00:00,2025-03-24 04:00:00+00:00,130.35,138.8883749765493,138.8883749765493,123.23468751954223,tp,11,0.06550345206405299,0.06450345206405299,6.450345206405299
long,9800,9812,2025-03-24 12:00:00+00:00,2025-03-26 12:00:00+00:00,143.39,139.34,152.17763467304235,136.06697110579802,timeout,13,-0.0282446474649556,-0.0292446474649556,-2.92446474649556
long,9814,9826,2025-03-26 20:00:00+00:00,2025-03-28 20:00:00+00:00,137.42,128.9538125077763,147.5794249906684,128.9538125077763,sl,13,-0.06160811739356496,-0.06260811739356496,-6.260811739356496
long,9843,9855,2025-03-31 16:00:00+00:00,2025-04-02 16:00:00+00:00,126.79,131.43,136.37811132247688,118.79990723126929,timeout,13,0.036595946052527806,0.035595946052527805,3.5595946052527805
long,9858,9870,2025-04-03 04:00:00+00:00,2025-04-05 04:00:00+00:00,119.85,121.09,132.88700332716368,108.98583056069691,timeout,13,0.01034626616604096,0.009346266166040961,0.9346266166040961
long,9885,9897,2025-04-07 16:00:00+00:00,2025-04-09 16:00:00+00:00,106.65,118.9,121.51116371995673,94.26569690003606,timeout,13,0.11486169714017815,0.11386169714017814,11.386169714017814
long,9899,9911,2025-04-10 00:00:00+00:00,2025-04-12 00:00:00+00:00,119.05,120.19,134.9429512625084,105.80587394790967,timeout,13,0.009575808483830328,0.008575808483830327,0.8575808483830327
long,9919,9931,2025-04-13 08:00:00+00:00,2025-04-15 08:00:00+00:00,128.54,132.16,140.56595965098833,118.5183669575097,timeout,13,0.02816243970748409,0.02716243970748409,2.7162439707484087
long,9935,9947,2025-04-16 00:00:00+00:00,2025-04-18 00:00:00+00:00,126.09,134.51,137.72048862753914,116.3979261437174,timeout,13,0.0667776984693472,0.0657776984693472,6.57776984693472
long,9950,9962,2025-04-18 12:00:00+00:00,2025-04-20 12:00:00+00:00,134.26,135.95,144.8250094957805,125.4558254201829,timeout,13,0.012587516758528212,0.011587516758528212,1.1587516758528211
long,9964,9975,2025-04-20 20:00:00+00:00,2025-04-22 16:00:00+00:00,137.2,145.57468279573328,145.57468279573328,130.22109767022224,tp,12,0.06103996206802692,0.06003996206802692,6.003996206802692
long,9977,9989,2025-04-23 00:00:00+00:00,2025-04-25 00:00:00+00:00,148.78,151.74,159.3457720194533,139.97518998378894,timeout,13,0.019895147197203977,0.018895147197203976,1.8895147197203976
long,9993,10005,2025-04-25 16:00:00+00:00,2025-04-27 16:00:00+00:00,152.95,150.03,163.4030802998187,144.23909975015107,timeout,13,-0.019091206276560888,-0.02009120627656089,-2.009120627656089
long,10007,10019,2025-04-28 00:00:00+00:00,2025-04-30 00:00:00+00:00,148.0,148.19,156.32102860812492,141.06580949322924,timeout,13,0.0012837837837837685,0.0002837837837837685,0.028378378378376846
long,10023,10027,2025-04-30 16:00:00+00:00,2025-05-01 08:00:00+00:00,142.2,152.18960405428624,152.18960405428624,133.87532995476144,tp,5,0.07025038012859527,0.06925038012859527,6.9250380128595275
long,10029,10041,2025-05-01 16:00:00+00:00,2025-05-03 16:00:00+00:00,151.81,147.45,161.41428710423398,143.80642741313835,timeout,13,-0.02872011066464669,-0.02972011066464669,-2.972011066464669
long,10045,10057,2025-05-04 08:00:00+00:00,2025-05-06 08:00:00+00:00,145.67,142.59,152.6128391762181,139.8843006864849,timeout,13,-0.021143680922633242,-0.022143680922633243,-2.2143680922633244
long,10059,10067,2025-05-06 16:00:00+00:00,2025-05-08 00:00:00+00:00,143.2,150.83245417996687,150.83245417996687,136.83962151669425,tp,9,0.05329926103328831,0.05229926103328831,5.229926103328831
long,10069,10070,2025-05-08 08:00:00+00:00,2025-05-08 12:00:00+00:00,151.58,159.52798039838012,159.52798039838012,144.95668300134992,tp,2,0.05243422877939115,0.05143422877939115,5.1434228779391145
long,10072,10075,2025-05-08 20:00:00+00:00,2025-05-09 08:00:00+00:00,160.55,169.9134121484115,169.9134121484115,152.74715654299044,tp,4,0.05832084801252879,0.05732084801252879,5.73208480125288
long,10077,10089,2025-05-09 16:00:00+00:00,2025-05-11 16:00:00+00:00,170.78,172.74,183.28787790582078,160.35676841181603,timeout,13,0.011476753718234032,0.010476753718234033,1.0476753718234033
long,10091,10103,2025-05-12 00:00:00+00:00,2025-05-14 00:00:00+00:00,173.23,180.29,186.0689345337173,162.53088788856888,timeout,13,0.040755065519829145,0.039755065519829144,3.9755065519829142
long,10105,10111,2025-05-14 08:00:00+00:00,2025-05-15 08:00:00+00:00,181.73,168.8025941480312,197.2428870223625,168.8025941480312,sl,7,-0.07113523277372358,-0.07213523277372358,-7.213523277372358
long,10113,10125,2025-05-15 16:00:00+00:00,2025-05-17 16:00:00+00:00,172.21,165.24,187.25017756045978,159.67651869961685,timeout,13,-0.04047384007897334,-0.04147384007897334,-4.147384007897334
long,10129,10134,2025-05-18 08:00:00+00:00,2025-05-19 04:00:00+00:00,170.67,160.76518730591118,182.55577523290657,160.76518730591118,sl,6,-0.058034878385708116,-0.05903487838570812,-5.903487838570812
long,10136,10148,2025-05-19 12:00:00+00:00,2025-05-21 12:00:00+00:00,162.19,172.17,177.34461681740717,149.5611526521607,timeout,13,0.06153277020778094,0.06053277020778094,6.0532770207780935
long,10150,10157,2025-05-21 20:00:00+00:00,2025-05-23 00:00:00+00:00,171.19,185.1714273362955,185.1714273362955,159.53881055308707,tp,8,0.08167198630933756,0.08067198630933756,8.067198630933756
long,10159,10169,2025-05-23 08:00:00+00:00,2025-05-25 00:00:00+00:00,182.55,171.34771911811947,195.99273705825664,171.34771911811947,sl,11,-0.061365548517559786,-0.062365548517559787,-6.236554851755979
long,10175,10187,2025-05-26 00:00:00+00:00,2025-05-28 00:00:00+00:00,175.74,175.14,188.44599348650902,165.15167209457582,timeout,13,-0.003414134516900095,-0.004414134516900095,-0.4414134516900095
long,10200,10203,2025-05-30 04:00:00+00:00,2025-05-30 16:00:00+00:00,165.15,155.87892737192615,176.27528715368862,155.87892737192615,sl,4,-0.05613728506251197,-0.05713728506251197,-5.713728506251197
long,10224,10236,2025-06-03 04:00:00+00:00,2025-06-05 04:00:00+00:00,159.44,152.44,170.2863931241993,150.40133906316726,timeout,13,-0.04390366281986954,-0.044903662819869544,-4.4903662819869545
long,10260,10264,2025-06-09 04:00:00+00:00,2025-06-09 20:00:00+00:00,151.56,159.50609098572087,159.50609098572087,144.93825751189928,tp,5,0.052428681615999416,0.051428681615999415,5.142868161599941
long,10268,10280,2025-06-10 12:00:00+00:00,2025-06-12 12:00:00+00:00,160.85,157.05,170.11565396119437,153.1286216990047,timeout,13,-0.023624494870997718,-0.02462449487099772,-2.462449487099772
long,10284,10296,2025-06-13 04:00:00+00:00,2025-06-15 04:00:00+00:00,144.78,145.89,157.55213465721212,134.13655445232322,timeout,13,0.007666804807293723,0.006666804807293723,0.6666804807293724
long,10306,10307,2025-06-16 20:00:00+00:00,2025-06-17 00:00:00+00:00,157.81,149.2090439074476,168.13114731106288,149.2090439074476,sl,2,-0.05450197131076861,-0.05550197131076861,-5.550197131076861
long,10310,10322,2025-06-17 12:00:00+00:00,2025-06-19 12:00:00+00:00,150.55,143.17,161.67325927611586,141.28061726990347,timeout,13,-0.04902025905014961,-0.05002025905014961,-5.002025905014961
long,10337,10340,2025-06-22 00:00:00+00:00,2025-06-22 12:00:00+00:00,135.41,126.5412947797712,146.05244626427455,126.5412947797712,sl,4,-0.06549520139006565,-0.06649520139006565,-6.649520139006565
long,10354,10366,2025-06-24 20:00:00+00:00,2025-06-26 20:00:00+00:00,143.63,139.07,155.39308646008143,133.82742794993214,timeout,13,-0.03174824201072201,-0.03274824201072201,-3.274824201072201
long,10368,10377,2025-06-27 04:00:00+00:00,2025-06-28 16:00:00+00:00,141.35,151.81806319901355,151.81806319901355,132.62661400082203,tp,10,0.07405775167324766,0.07305775167324766,7.305775167324765
long,10379,10391,2025-06-29 00:00:00+00:00,2025-07-01 00:00:00+00:00,150.73,153.89,160.01088311624866,142.99593073645943,timeout,13,0.020964638758044163,0.019964638758044162,1.9964638758044162
long,10393,10405,2025-07-01 08:00:00+00:00,2025-07-03 08:00:00+00:00,150.09,154.53,160.07227706410544,141.77143577991214,timeout,13,0.029582250649610217,0.028582250649610216,2.8582250649610215
long,10407,10419,2025-07-03 16:00:00+00:00,2025-07-05 16:00:00+00:00,150.19,146.9,159.44619222909412,142.4765064757549,timeout,13,-0.021905586257407232,-0.022905586257407233,-2.290558625740723
long,10425,10437,2025-07-06 16:00:00+00:00,2025-07-08 16:00:00+00:00,151.54,151.64,158.42867674000783,145.79943604999346,timeout,13,0.0006598917777484118,-0.0003401082222515882,-0.03401082222515882
long,10439,10445,2025-07-09 00:00:00+00:00,2025-07-10 00:00:00+00:00,151.68,158.64825181569185,158.64825181569185,145.87312348692348,tp,7,0.045940478742694114,0.044940478742694114,4.494047874269412
long,10447,10452,2025-07-10 08:00:00+00:00,2025-07-11 04:00:00+00:00,157.93,165.5054829218383,165.5054829218383,151.61709756513474,tp,6,0.04796734579774774,0.04696734579774774,4.696734579774773
long,10454,10466,2025-07-11 12:00:00+00:00,2025-07-13 12:00:00+00:00,163.88,162.02,172.7938461801268,156.45179484989433,timeout,13,-0.011349768123016751,-0.01234976812301675,-1.234976812301675
long,10468,10480,2025-07-13 20:00:00+00:00,2025-07-15 20:00:00+00:00,162.55,164.01,170.8407174534526,155.6410687887895,timeout,13,0.008981851737926665,0.007981851737926666,0.7981851737926666
long,10482,10485,2025-07-16 04:00:00+00:00,2025-07-16 16:00:00+00:00,162.53,172.8241457103872,172.8241457103872,153.951545241344,tp,4,0.06333689602157877,0.06233689602157877,6.233689602157877
long,10487,10494,2025-07-17 00:00:00+00:00,2025-07-18 04:00:00+00:00,173.66,184.55177872918796,184.55177872918796,164.58351772567667,tp,8,0.06271898381428057,0.061718983814280565,6.171898381428057
long,10496,10508,2025-07-18 12:00:00+00:00,2025-07-20 12:00:00+00:00,178.44,181.98,191.66500268780953,167.41916442682538,timeout,13,0.019838601210490876,0.018838601210490875,1.8838601210490875
long,10510,10513,2025-07-20 20:00:00+00:00,2025-07-21 08:00:00+00:00,182.05,192.97580305211133,192.97580305211133,172.9451641232406,tp,4,0.060015397155239326,0.059015397155239326,5.901539715523932
long,10515,10527,2025-07-21 16:00:00+00:00,2025-07-23 16:00:00+00:00,196.82,188.12,210.3407164846261,185.55273626281155,timeout,13,-0.044202824916167,-0.045202824916167,-4.5202824916167
long,10529,10541,2025-07-24 00:00:00+00:00,2025-07-26 00:00:00+00:00,189.41,185.97,206.61455516681198,175.07287069432334,timeout,13,-0.01816165989124121,-0.01916165989124121,-1.916165989124121
long,10543,10555,2025-07-26 08:00:00+00:00,2025-07-28 08:00:00+00:00,186.42,192.0,202.22243460895916,173.25130449253402,timeout,13,0.02993241068554883,0.028932410685548828,2.893241068554883
long,10557,10567,2025-07-28 16:00:00+00:00,2025-07-30 08:00:00+00:00,187.2,176.54359453760455,199.9876865548745,176.54359453760455,sl,11,-0.056925242854676504,-0.057925242854676505,-5.792524285467651
long,10578,10582,2025-08-01 04:00:00+00:00,2025-08-01 20:00:00+00:00,171.12,160.4635377311403,183.90775472263164,160.4635377311403,sl,5,-0.062274791192494815,-0.06327479119249481,-6.327479119249481
long,10600,10612,2025-08-04 20:00:00+00:00,2025-08-06 20:00:00+00:00,165.66,168.11,176.36718544055518,156.73734546620403,timeout,13,0.014789327538331625,0.013789327538331626,1.3789327538331626
long,10618,10627,2025-08-07 20:00:00+00:00,2025-08-09 08:00:00+00:00,171.77,182.86748765377257,182.86748765377257,162.52209362185621,tp,10,0.06460666969652769,0.06360666969652769,6.360666969652769
long,10633,10645,2025-08-10 08:00:00+00:00,2025-08-12 08:00:00+00:00,178.95,175.25,191.30220774070472,168.65649354941272,timeout,13,-0.020676166526962778,-0.02167616652696278,-2.167616652696278
long,10647,10649,2025-08-12 16:00:00+00:00,2025-08-13 00:00:00+00:00,181.69,193.93457008601507,193.93457008601507,171.48619159498745,tp,3,0.06739264728942194,0.06639264728942194,6.639264728942194
long,10652,10658,2025-08-13 12:00:00+00:00,2025-08-14 12:00:00+00:00,200.96,188.96079224965357,215.35904930041576,188.96079224965357,sl,7,-0.05970943347107107,-0.06070943347107107,-6.070943347107107
long,10660,10672,2025-08-14 20:00:00+00:00,2025-08-16 20:00:00+00:00,192.92,189.61,211.38534143419793,177.5322154715017,timeout,13,-0.017157370930955703,-0.018157370930955704,-1.8157370930955703
long,10677,10679,2025-08-17 16:00:00+00:00,2025-08-18 00:00:00+00:00,195.47,184.38043960158325,208.7774724781001,184.38043960158325,sl,3,-0.0567327999100463,-0.057732799910046304,-5.77327999100463
long,10686,10698,2025-08-19 04:00:00+00:00,2025-08-21 04:00:00+00:00,178.52,186.99,191.85674262361505,167.40604781365414,timeout,13,0.047445664351333176,0.046445664351333175,4.644566435133317
long,10702,10706,2025-08-21 20:00:00+00:00,2025-08-22 12:00:00+00:00,180.13,192.58377092370904,192.58377092370904,169.75185756357578,tp,5,0.069137683471432,0.068137683471432,6.813768347143199
long,10708,10720,2025-08-22 20:00:00+00:00,2025-08-24 20:00:00+00:00,198.99,205.98,214.31260084532397,186.22116596223003,timeout,13,0.03512739333634846,0.03412739333634846,3.412739333634846
long,10722,10725,2025-08-25 04:00:00+00:00,2025-08-25 16:00:00+00:00,209.23,194.45553190111434,226.9593617186628,194.45553190111434,sl,4,-0.07061352625763824,-0.07161352625763824,-7.161352625763824
long,10730,10734,2025-08-26 12:00:00+00:00,2025-08-27 04:00:00+00:00,187.95,204.96450757629455,204.96450757629455,173.77124368642117,tp,5,0.09052677614415836,0.08952677614415835,8.952677614415835
long,10736,10748,2025-08-27 12:00:00+00:00,2025-08-29 12:00:00+00:00,205.01,204.43,221.7554090238531,191.0554924801224,timeout,13,-0.002829130286327419,-0.003829130286327419,-0.3829130286327419
long,10750,10762,2025-08-29 20:00:00+00:00,2025-08-31 20:00:00+00:00,202.98,200.67,221.9812667817861,187.14561101517822,timeout,13,-0.011380431569612782,-0.012380431569612781,-1.2380431569612782
long,10765,10777,2025-09-01 08:00:00+00:00,2025-09-03 08:00:00+00:00,202.93,210.36,217.8072941355502,190.53225488704152,timeout,13,0.03661361060464203,0.03561361060464203,3.5613610604642028
long,10779,10791,2025-09-03 16:00:00+00:00,2025-09-05 16:00:00+00:00,211.37,205.46,225.4918034511761,199.60183045735326,timeout,13,-0.02796044850262571,-0.02896044850262571,-2.8960448502625713
long,10801,10807,2025-09-07 08:00:00+00:00,2025-09-08 08:00:00+00:00,203.0,212.69512799372518,212.69512799372518,194.9207266718957,tp,7,0.04775925120061665,0.04675925120061665,4.675925120061665
long,10809,10820,2025-09-08 16:00:00+00:00,2025-09-10 12:00:00+00:00,215.03,225.7982002532066,225.7982002532066,206.0564997889945,tp,12,0.050077664759366605,0.049077664759366604,4.90776647593666
long,10822,10829,2025-09-10 20:00:00+00:00,2025-09-12 00:00:00+00:00,221.27,233.36086537930396,233.36086537930396,211.19427885058005,tp,8,0.05464303963168956,0.05364303963168956,5.364303963168956
long,10831,10843,2025-09-12 08:00:00+00:00,2025-09-14 08:00:00+00:00,237.37,246.06,250.1301893880265,226.73650884331124,timeout,13,0.036609512575304363,0.03560951257530436,3.5609512575304363
long,10845,10849,2025-09-14 16:00:00+00:00,2025-09-15 08:00:00+00:00,243.81,233.2612862774634,256.4684564670439,233.2612862774634,sl,5,-0.04326612412344286,-0.044266124123442864,-4.426612412344286
long,10851,10863,2025-09-15 16:00:00+00:00,2025-09-17 16:00:00+00:00,233.0,238.73,247.7466889661243,220.71109252822976,timeout,13,0.024592274678111543,0.023592274678111542,2.3592274678111544
long,10865,10877,2025-09-18 00:00:00+00:00,2025-09-20 00:00:00+00:00,244.84,238.08,259.5474657445009,232.58377854624922,timeout,13,-0.02760986766868155,-0.02860986766868155,-2.8609867668681552
long,10891,10901,2025-09-22 08:00:00+00:00,2025-09-24 00:00:00+00:00,221.89,209.88621270139316,236.29454475832816,209.88621270139316,sl,11,-0.05409791923298402,-0.05509791923298402,-5.509791923298402
long,10918,10930,2025-09-26 20:00:00+00:00,2025-09-28 20:00:00+00:00,200.69,210.82,217.25101997821895,186.88915001815087,timeout,13,0.05047585828890326,0.04947585828890326,4.947585828890326
long,10935,10947,2025-09-29 16:00:00+00:00,2025-10-01 16:00:00+00:00,210.09,220.09,223.21497703031594,199.1525191414034,timeout,13,0.047598648198391165,0.046598648198391164,4.659864819839116
long,10960,10972,2025-10-03 20:00:00+00:00,2025-10-05 20:00:00+00:00,233.16,228.58,248.52640941420424,220.35465882149646,timeout,13,-0.019643163492880356,-0.020643163492880357,-2.0643163492880356
long,10974,10983,2025-10-06 04:00:00+00:00,2025-10-07 16:00:00+00:00,232.26,220.74220263063916,246.081356843233,220.74220263063916,sl,10,-0.0495901032005547,-0.0505901032005547,-5.05901032005547
long,10990,10995,2025-10-08 20:00:00+00:00,2025-10-09 16:00:00+00:00,229.31,217.1134522551185,243.94585729385784,217.1134522551185,sl,6,-0.05318803255366758,-0.05418803255366758,-5.418803255366758
long,10997,11001,2025-10-10 00:00:00+00:00,2025-10-10 16:00:00+00:00,220.94,208.77919507541452,235.53296590950256,208.77919507541452,sl,5,-0.055041209941999986,-0.056041209941999987,-5.604120994199999
long,11022,11034,2025-10-14 08:00:00+00:00,2025-10-16 08:00:00+00:00,194.47,196.81,216.44600819174505,176.15665984021246,timeout,13,0.01203270427315269,0.011032704273152689,1.103270427315269
long,11036,11048,2025-10-16 16:00:00+00:00,2025-10-18 16:00:00+00:00,187.62,186.36,208.97769045720838,169.82192461899302,timeout,13,-0.006715701950751471,-0.007715701950751471,-0.7715701950751471
long,11050,11062,2025-10-19 00:00:00+00:00,2025-10-21 00:00:00+00:00,187.56,185.59,203.94124642374092,173.90896131354924,timeout,13,-0.010503305608871822,-0.011503305608871823,-1.1503305608871823
long,11065,11077,2025-10-21 12:00:00+00:00,2025-10-23 12:00:00+00:00,186.27,191.03,199.5038355861074,175.24180367824385,timeout,13,0.025554302893648954,0.024554302893648954,2.4554302893648954
long,11080,11092,2025-10-24 00:00:00+00:00,2025-10-26 00:00:00+00:00,191.35,192.99,205.45743430964706,179.59380474196078,timeout,13,0.00857068199634186,0.00757068199634186,0.757068199634186
long,11094,11098,2025-10-26 08:00:00+00:00,2025-10-27 00:00:00+00:00,193.87,204.29830403831062,204.29830403831062,185.17974663474115,tp,5,0.05379018949971947,0.05279018949971947,5.279018949971947
long,11100,11109,2025-10-27 08:00:00+00:00,2025-10-28 20:00:00+00:00,202.52,193.47015618748463,213.37981257501846,193.47015618748463,sl,10,-0.04468617327925823,-0.04568617327925823,-4.568617327925823
long,11111,11120,2025-10-29 04:00:00+00:00,2025-10-30 16:00:00+00:00,193.93,183.81749896823268,206.0650012381208,183.81749896823268,sl,10,-0.05214510922377828,-0.053145109223778284,-5.314510922377829
long,11152,11164,2025-11-05 00:00:00+00:00,2025-11-07 00:00:00+00:00,155.03,156.88,172.96399243885685,140.08500630095264,timeout,13,0.011933174224343639,0.010933174224343638,1.0933174224343638
