fold,model,thr_q,tp_mult,sl_mult,max_hold,trail_mult,n,sharpe,total_return,max_drawdown,win_rate,payoff,tp_rate,sl_rate,timeout_rate
1,base,0.5,2.0,1.5,12,0.0,223,0.8175063491604244,0.04770132562035001,-0.05706307990151016,0.4977578475336323,1.0983503592842663,0.35874439461883406,0.4439461883408072,0.19730941704035873
1,base,0.5,2.0,1.5,12,2.0,237,0.6944870699862565,0.040220680157652566,-0.06407565627764455,0.4388185654008439,1.3780672563049234,0.3333333333333333,0.5485232067510548,0.11814345991561181
1,base,0.5,2.0,1.5,24,0.0,195,0.25491254655727236,0.013090819333106518,-0.048974546317363976,0.46153846153846156,1.200881010585621,0.4256410256410256,0.517948717948718,0.05641025641025641
1,base,0.5,2.0,1.5,24,2.0,223,0.19315188680249576,0.009852894355788955,-0.06305196274870517,0.38565022421524664,1.6311678870889137,0.37668161434977576,0.6143497757847534,0.008968609865470852
1,base,0.5,2.0,2.5,12,0.0,188,1.5665260575339326,0.07974962211500292,-0.0631209645504035,0.5904255319148937,0.809228966921584,0.39893617021276595,0.25,0.35106382978723405
1,base,0.5,2.0,2.5,12,2.0,225,0.7523418794390935,0.04246253488646512,-0.07284431861824459,0.4622222222222222,1.2627059174533628,0.3288888888888889,0.5111111111111111,0.16
1,base,0.5,2.0,2.5,24,0.0,143,0.9716419170380456,0.04508249280548293,-0.05696377040377032,0.5664335664335665,0.8433094323001659,0.4825174825174825,0.32167832167832167,0.1958041958041958
1,base,0.5,2.0,2.5,24,2.0,209,0.6227507989746909,0.034570811006235935,-0.07516697213546131,0.40669856459330145,1.560447567264073,0.39712918660287083,0.5885167464114832,0.014354066985645933
1,base,0.5,3.0,1.5,12,0.0,200,1.05961060899532,0.05039793111957036,-0.0734932506915813,0.46,1.2970475811649291,0.195,0.47,0.335
1,base,0.5,3.0,1.5,12,2.0,222,0.15633562106236643,0.006715056321816126,-0.07879485413953669,0.42342342342342343,1.3949517934756894,0.15765765765765766,0.6306306306306306,0.21171171171171171
1,base,0.5,3.0,1.5,24,0.0,155,0.44712745705657836,0.01894427048069791,-0.061201977376211025,0.3935483870967742,1.618036390316859,0.3096774193548387,0.567741935483871,0.12258064516129032
1,base,0.5,3.0,1.5,24,2.0,194,-0.378805607189161,-0.019694162641271995,-0.0757645184670469,0.35051546391752575,1.8073004384116687,0.2268041237113402,0.7577319587628866,0.015463917525773196
1,base,0.5,3.0,2.5,12,0.0,171,2.2699001213613776,0.09938175319315534,-0.06393876284966238,0.5730994152046783,0.9144697527537582,0.21052631578947367,0.26900584795321636,0.52046783625731
1,base,0.5,3.0,2.5,12,2.0,212,1.1646903198318486,0.05675965171666242,-0.07193726070876272,0.45754716981132076,1.3330099461034342,0.1792452830188679,0.5707547169811321,0.25
1,base,0.5,3.0,2.5,24,0.0,120,1.5612208369771867,0.057553066440390044,-0.06414142391228506,0.5,1.1591967813511386,0.31666666666666665,0.3416666666666667,0.3416666666666667
1,base,0.5,3.0,2.5,24,2.0,180,0.8923574960448185,0.04084193638757827,-0.0612815049606823,0.3888888888888889,1.7288138695149151,0.25,0.7277777777777777,0.022222222222222223
1,base,0.7,2.0,1.5,12,0.0,253,-0.14285846447215708,-0.0095754467403516,-0.07307708057610829,0.4782608695652174,1.0821113423402497,0.34782608695652173,0.45849802371541504,0.19367588932806323
1,base,0.7,2.0,1.5,12,2.0,272,-0.3018264169602367,-0.01902854461602943,-0.09512762275238662,0.41544117647058826,1.3756870340692553,0.3161764705882353,0.5661764705882353,0.11764705882352941
1,base,0.7,2.0,1.5,24,0.0,221,-0.20790127687137125,-0.01258108385414769,-0.0633711245705284,0.4479638009049774,1.21649482827268,0.416289592760181,0.5339366515837104,0.049773755656108594
1,base,0.7,2.0,1.5,24,2.0,251,-0.576839356627091,-0.034405570359536064,-0.09976442391049822,0.3745019920318725,1.5943530185195123,0.35856573705179284,0.6215139442231076,0.0199203187250996
1,base,0.7,2.0,2.5,12,0.0,209,0.8289338656510882,0.04100243037908058,-0.05791497299078607,0.5598086124401914,0.8482149848872943,0.37320574162679426,0.2535885167464115,0.37320574162679426
1,base,0.7,2.0,2.5,12,2.0,254,0.6812650722273323,0.0367512222227564,-0.07377170175923109,0.46062992125984253,1.246557968651948,0.3346456692913386,0.5118110236220472,0.15354330708661418
1,base,0.7,2.0,2.5,24,0.0,159,-0.08735556572744298,-0.005064741606031764,-0.06834558472641661,0.559748427672956,0.7851012116779739,0.48427672955974843,0.3710691823899371,0.14465408805031446
1,base,0.7,2.0,2.5,24,2.0,233,0.15140395947286894,0.006851171602905826,-0.07455406513903817,0.40772532188841204,1.477498787988341,0.3905579399141631,0.592274678111588,0.017167381974248927
1,base,0.7,3.0,1.5,12,0.0,231,-0.904977960505245,-0.04569821043800071,-0.09261296353778459,0.44155844155844154,1.1920874511622601,0.16883116883116883,0.5064935064935064,0.3246753246753247
1,base,0.7,3.0,1.5,12,2.0,252,-0.7447153177759094,-0.039208603944305476,-0.11241105956804198,0.40476190476190477,1.3952316244512093,0.15476190476190477,0.6388888888888888,0.20634920634920634
1,base,0.7,3.0,1.5,24,0.0,170,0.6419803472163544,0.029284413125621356,-0.06984502194803122,0.4117647058823529,1.5216834842847704,0.29411764705882354,0.5529411764705883,0.15294117647058825
1,base,0.7,3.0,1.5,24,2.0,217,-0.6933242314577436,-0.0352552951878905,-0.09440729099537526,0.35023041474654376,1.7667823681789214,0.2304147465437788,0.7465437788018433,0.02304147465437788
1,base,0.7,3.0,2.5,12,0.0,187,0.9157406366696053,0.03904811641611228,-0.07246852788004787,0.5401069518716578,0.9234272810924662,0.1925133689839572,0.27807486631016043,0.5294117647058824
1,base,0.7,3.0,2.5,12,2.0,237,0.19205732503293155,0.008216501853020475,-0.09345587235941233,0.4388185654008439,1.3111191073841992,0.16033755274261605,0.5864978902953587,0.25316455696202533
1,base,0.7,3.0,2.5,24,0.0,130,1.2967367846930073,0.051187672165240006,-0.055878009456314603,0.5230769230769231,1.0189519634254254,0.33076923076923076,0.3769230769230769,0.2923076923076923
1,base,0.7,3.0,2.5,24,2.0,197,0.40128600710150114,0.017165490612968126,-0.07483869964951106,0.38071065989847713,1.6991099720504743,0.24873096446700507,0.7258883248730964,0.025380710659898477
1,shallow,0.5,2.0,1.5,12,0.0,230,0.47417761278362935,0.025312692197753783,-0.06570159283150434,0.4826086956521739,1.124111165596967,0.3652173913043478,0.43478260869565216,0.2
1,shallow,0.5,2.0,1.5,12,2.0,244,0.4429826169545077,0.022949347636903594,-0.059256690811475776,0.430327868852459,1.3864908450030833,0.32786885245901637,0.5409836065573771,0.13114754098360656
1,shallow,0.5,2.0,1.5,24,0.0,197,-0.26392266691670835,-0.014522257519936077,-0.0661809498716247,0.45685279187817257,1.1676632043366788,0.4213197969543147,0.5177664974619289,0.06091370558375635
1,shallow,0.5,2.0,1.5,24,2.0,220,0.3292992447702226,0.015902481047934902,-0.05767481421964549,0.38636363636363635,1.6454998214111105,0.37727272727272726,0.6136363636363636,0.00909090909090909
1,shallow,0.5,2.0,2.5,12,0.0,194,2.5126019266069544,0.10985789864876394,-0.04001193606612252,0.5876288659793815,0.8618149851879537,0.422680412371134,0.2422680412371134,0.33505154639175255
1,shallow,0.5,2.0,2.5,12,2.0,232,1.329675796901012,0.06871044537874438,-0.05566737147307821,0.4698275862068966,1.285904746387612,0.33189655172413796,0.4870689655172414,0.1810344827586207
1,shallow,0.5,2.0,2.5,24,0.0,145,2.474422869150633,0.09325150649894987,-0.0459843110313195,0.593103448275862,0.8347441614046364,0.5172413793103449,0.3103448275862069,0.1724137931034483
1,shallow,0.5,2.0,2.5,24,2.0,209,1.3096534966339297,0.06503017433979807,-0.059249984208111894,0.41626794258373206,1.5906594195065207,0.40669856459330145,0.5789473684210527,0.014354066985645933
1,shallow,0.5,3.0,1.5,12,0.0,208,0.1418507270575598,0.005824496004997792,-0.07098011619660594,0.4375,1.312749244194356,0.1971153846153846,0.4807692307692308,0.32211538461538464
1,shallow,0.5,3.0,1.5,12,2.0,225,0.712012241595897,0.033606812163134325,-0.06579288101777236,0.4177777777777778,1.4977920306017312,0.17333333333333334,0.6133333333333333,0.21333333333333335
1,shallow,0.5,3.0,1.5,24,0.0,158,-0.018743873729769343,-0.0017063861286210624,-0.0662191393858087,0.3987341772151899,1.5224111559205251,0.2911392405063291,0.5759493670886076,0.13291139240506328
1,shallow,0.5,3.0,1.5,24,2.0,193,0.5121994841386237,0.022635827136321618,-0.060782035825373115,0.3626943005181347,1.861985166628974,0.22797927461139897,0.7512953367875648,0.02072538860103627
1,shallow,0.5,3.0,2.5,12,0.0,172,2.662845440114869,0.1107411919045782,-0.04806751728157921,0.5581395348837209,0.9924274700972084,0.20930232558139536,0.2616279069767442,0.5290697674418605
1,shallow,0.5,3.0,2.5,12,2.0,215,1.8931211067965015,0.08763199326611582,-0.05358158755878806,0.4558139534883721,1.4255093929642635,0.18604651162790697,0.5581395348837209,0.2558139534883721
1,shallow,0.5,3.0,2.5,24,0.0,121,3.0407317332035024,0.11012703723449313,-0.04324128001363048,0.5289256198347108,1.1504776084476558,0.34710743801652894,0.33884297520661155,0.3140495867768595
1,shallow,0.5,3.0,2.5,24,2.0,181,1.9292616182622049,0.08381912863689855,-0.050944376776931866,0.40331491712707185,1.785691877065257,0.24861878453038674,0.7237569060773481,0.027624309392265192
1,shallow,0.7,2.0,1.5,12,0.0,257,-0.6282615366459972,-0.036998993463702834,-0.0703120644258326,0.4669260700389105,1.087798892486206,0.32684824902723736,0.4474708171206226,0.22568093385214008
1,shallow,0.7,2.0,1.5,12,2.0,275,-0.48404708208026365,-0.029786137014364278,-0.08269570297555129,0.41454545454545455,1.3588652774327912,0.3018181818181818,0.5527272727272727,0.14545454545454545
1,shallow,0.7,2.0,1.5,24,0.0,219,-1.1817577161317032,-0.06568147121193946,-0.07156785563427182,0.4337899543378995,1.189700096094196,0.4063926940639269,0.54337899543379,0.0502283105022831
1,shallow,0.7,2.0,1.5,24,2.0,254,-1.127755713177364,-0.06640163174917935,-0.10123313573460146,0.36220472440944884,1.6027460836921725,0.3543307086614173,0.6377952755905512,0.007874015748031496
1,shallow,0.7,2.0,2.5,12,0.0,213,0.5697408064503668,0.028256696001070614,-0.05227791148037486,0.5446009389671361,0.8837207174956125,0.3615023474178404,0.24882629107981222,0.38967136150234744
1,shallow,0.7,2.0,2.5,12,2.0,258,0.10948922215342714,0.0046042632857916654,-0.0588494249626621,0.4496124031007752,1.2406305118686716,0.313953488372093,0.49612403100775193,0.18992248062015504
1,shallow,0.7,2.0,2.5,24,0.0,161,-0.1660615168807315,-0.009171193326470317,-0.06625764138130275,0.5527950310559007,0.8017651489568215,0.4906832298136646,0.35403726708074534,0.15527950310559005
1,shallow,0.7,2.0,2.5,24,2.0,239,-0.22284209224858054,-0.01364070068135026,-0.06372948454472938,0.39748953974895396,1.4934682988167574,0.3891213389121339,0.5983263598326359,0.012552301255230125
1,shallow,0.7,3.0,1.5,12,0.0,229,-0.4207315453108831,-0.02327061099179084,-0.09720648709481838,0.4410480349344978,1.2359421569636049,0.17903930131004367,0.4847161572052402,0.33624454148471616
1,shallow,0.7,3.0,1.5,12,2.0,256,-1.2674838316734527,-0.06799649548052311,-0.11922817358742599,0.41015625,1.3040141657148911,0.13671875,0.63671875,0.2265625
1,shallow,0.7,3.0,1.5,24,0.0,176,-0.09178254096872103,-0.0055450382408663845,-0.06629363564009116,0.4034090909090909,1.4818694374313528,0.2784090909090909,0.5625,0.1590909090909091
1,shallow,0.7,3.0,1.5,24,2.0,216,-1.4098128439196933,-0.0716316768327423,-0.09827153956335044,0.33796296296296297,1.7506486126725846,0.20833333333333334,0.7731481481481481,0.018518518518518517
1,shallow,0.7,3.0,2.5,12,0.0,190,1.7303125212839783,0.07901032599441082,-0.06469369065883745,0.5263157894736842,1.0484426514800609,0.18421052631578946,0.25263157894736843,0.5631578947368421
1,shallow,0.7,3.0,2.5,12,2.0,240,-0.01964939275592298,-0.002250256548158691,-0.08517744019567275,0.44166666666666665,1.2733906321939823,0.15833333333333333,0.5791666666666667,0.2625
1,shallow,0.7,3.0,2.5,24,0.0,134,0.8550620638206021,0.03563212577673891,-0.058287389203982465,0.5149253731343284,1.0194205170349662,0.34328358208955223,0.3805970149253731,0.27611940298507465
1,shallow,0.7,3.0,2.5,24,2.0,198,0.16229728905051571,0.00638757734644857,-0.07332704889730901,0.37373737373737376,1.7160176110637233,0.23737373737373738,0.7373737373737373,0.025252525252525252
2,base,0.5,2.0,1.5,12,0.0,238,0.912279770859283,0.04049031992530505,-0.07099758876058704,0.5042016806722689,1.0694531629987936,0.33613445378151263,0.42016806722689076,0.24369747899159663
2,base,0.5,2.0,1.5,12,2.0,253,1.1582826332139249,0.050898224668760816,-0.06443562075859888,0.466403162055336,1.2728975420522337,0.3359683794466403,0.5059288537549407,0.15810276679841898
2,base,0.5,2.0,1.5,24,0.0,200,1.0927480551059336,0.046881411259745986,-0.07182544009822034,0.475,1.2219107420153672,0.4,0.505,0.095
2,base,0.5,2.0,1.5,24,2.0,226,1.0615730041687872,0.045394119316450876,-0.07082717393064475,0.4026548672566372,1.6363000713734517,0.37610619469026546,0.5973451327433629,0.02654867256637168
2,base,0.5,2.0,2.5,12,0.0,201,-0.17812220254263922,-0.00885521615617113,-0.07483894411974346,0.5572139303482587,0.7870412384535738,0.35323383084577115,0.263681592039801,0.38308457711442784
2,base,0.5,2.0,2.5,12,2.0,242,0.3794102473080573,0.01688978153374987,-0.07320751561369121,0.4669421487603306,1.1798606056515706,0.34710743801652894,0.48760330578512395,0.1652892561983471
2,base,0.5,2.0,2.5,24,0.0,160,0.18947548360581393,0.007168994421976382,-0.08777186031747652,0.55625,0.8079525824329157,0.44375,0.35625,0.2
2,base,0.5,2.0,2.5,24,2.0,212,0.49840320802014076,0.02169539001078591,-0.08042554490833276,0.419811320754717,1.4438689401105753,0.3915094339622642,0.5801886792452831,0.02830188679245283
2,base,0.5,3.0,1.5,12,0.0,205,0.2782241205801487,0.010225128992044308,-0.08158716193664461,0.4634146341463415,1.1845366232430126,0.17560975609756097,0.44878048780487806,0.375609756097561
2,base,0.5,3.0,1.5,12,2.0,226,0.11079123385954348,0.003713787244191691,-0.08286404593767649,0.4247787610619469,1.3663891100018781,0.15486725663716813,0.6106194690265486,0.2345132743362832
2,base,0.5,3.0,1.5,24,0.0,164,-0.34344888111447264,-0.01431928460677212,-0.09224971475925692,0.39634146341463417,1.4765781294408555,0.23170731707317074,0.573170731707317,0.1951219512195122
2,base,0.5,3.0,1.5,24,2.0,192,-0.3737403326734332,-0.015206708453207818,-0.0911999473997781,0.3802083333333333,1.569775858844932,0.16145833333333334,0.7447916666666666,0.09375
2,base,0.5,3.0,2.5,12,0.0,177,-0.888855135307315,-0.03755220255228853,-0.10785474449366894,0.5310734463276836,0.8076631952296455,0.1807909604519774,0.2994350282485876,0.519774011299435
2,base,0.5,3.0,2.5,12,2.0,215,-0.26358372493866183,-0.011951119168253421,-0.09320318937829952,0.42790697674418604,1.2994071612960902,0.16744186046511628,0.586046511627907,0.24651162790697675
2,base,0.5,3.0,2.5,24,0.0,132,-0.903314939775475,-0.035599666724407175,-0.11756962735279852,0.4772727272727273,0.9937391223743444,0.25757575757575757,0.38636363636363635,0.3560606060606061
2,base,0.5,3.0,2.5,24,2.0,181,-0.2526455252286853,-0.011191425594273996,-0.08657052922615716,0.4143646408839779,1.3765454297891282,0.18232044198895028,0.7182320441988951,0.09944751381215469
2,base,0.7,2.0,1.5,12,0.0,269,-0.07970645644616449,-0.00594034315703118,-0.09487486075407858,0.4758364312267658,1.0900093303066287,0.32342007434944237,0.43866171003717475,0.2379182156133829
2,base,0.7,2.0,1.5,12,2.0,288,0.26717503270238036,0.013606623966225806,-0.07582915600067563,0.4409722222222222,1.2991105704823016,0.3125,0.5208333333333334,0.16666666666666666
2,base,0.7,2.0,1.5,24,0.0,224,-0.20343483745301502,-0.012280117208176122,-0.0937302653861487,0.4419642857142857,1.2377613427589373,0.3794642857142857,0.5267857142857143,0.09375
2,base,0.7,2.0,1.5,24,2.0,249,0.12006952706304255,0.005100924132068307,-0.07467026008812105,0.3815261044176707,1.6385852728776127,0.357429718875502,0.6144578313253012,0.028112449799196786
2,base,0.7,2.0,2.5,12,0.0,222,-0.5093495553602804,-0.024400664482688295,-0.09855474168918321,0.527027027027027,0.8538852360203786,0.35585585585585583,0.26126126126126126,0.38288288288288286
2,base,0.7,2.0,2.5,12,2.0,274,0.28554371487255015,0.013321412813807054,-0.07733166187758977,0.45255474452554745,1.2403595207000935,0.32116788321167883,0.4927007299270073,0.18613138686131386
2,base,0.7,2.0,2.5,24,0.0,171,-0.0786917219003775,-0.0044363903450459485,-0.11201919579209008,0.543859649122807,0.828469867425493,0.4502923976608187,0.34502923976608185,0.2046783625730994
2,base,0.7,2.0,2.5,24,2.0,233,0.16635982252183895,0.006903238056516603,-0.07668222574334382,0.4034334763948498,1.5011583030637126,0.37339055793991416,0.592274678111588,0.034334763948497854
2,base,0.7,3.0,1.5,12,0.0,232,-0.8443821935892555,-0.04221142740347872,-0.11294045527282437,0.41810344827586204,1.278620462729763,0.16379310344827586,0.4827586206896552,0.35344827586206895
2,base,0.7,3.0,1.5,12,2.0,256,0.007325549155462997,-0.0009350535791186054,-0.0856212691775119,0.43359375,1.3038397093990897,0.140625,0.6015625,0.2578125
2,base,0.7,3.0,1.5,24,0.0,174,-1.1528466810326254,-0.05430579142763192,-0.13311261512128902,0.3735632183908046,1.4943842214972256,0.21264367816091953,0.5919540229885057,0.19540229885057472
2,base,0.7,3.0,1.5,24,2.0,210,-0.18016506925574038,-0.010349927026157335,-0.08381252964568053,0.3904761904761905,1.5294637978994468,0.16666666666666666,0.7380952380952381,0.09523809523809523
2,base,0.7,3.0,2.5,12,0.0,196,-1.2932296175123033,-0.05689666238276769,-0.14262012682477943,0.4846938775510204,0.9464096398121383,0.20408163265306123,0.2857142857142857,0.5102040816326531
2,base,0.7,3.0,2.5,12,2.0,243,-0.06308054834370246,-0.003991144065334407,-0.08956595984537663,0.43621399176954734,1.2816454083629474,0.14814814814814814,0.5761316872427984,0.2757201646090535
2,base,0.7,3.0,2.5,24,0.0,141,-1.6568984469419072,-0.0691681891683098,-0.15199415745189593,0.46808510638297873,0.9589531097858444,0.2553191489361702,0.3900709219858156,0.3546099290780142
2,base,0.7,3.0,2.5,24,2.0,197,0.0339190385237404,0.0005674990164565852,-0.08075399704564667,0.41624365482233505,1.4133533068936666,0.18274111675126903,0.7157360406091371,0.10152284263959391
2,shallow,0.5,2.0,1.5,12,0.0,230,0.9814739002759318,0.04147993650725912,-0.0694841016458102,0.5043478260869565,1.0753012730044407,0.34347826086956523,0.41304347826086957,0.24347826086956523
2,shallow,0.5,2.0,1.5,12,2.0,246,1.1618050606847903,0.049430875005872066,-0.06373424819085116,0.45528455284552843,1.3331004028216968,0.33739837398373984,0.508130081300813,0.15447154471544716
2,shallow,0.5,2.0,1.5,24,0.0,189,0.8199618659889699,0.03225478280579708,-0.07040156616093884,0.4656084656084656,1.2440276880929377,0.3915343915343915,0.5079365079365079,0.10052910052910052
2,shallow,0.5,2.0,1.5,24,2.0,217,0.8616665814289125,0.03506268334683127,-0.06415469636591331,0.391705069124424,1.6929199194353728,0.3686635944700461,0.6036866359447005,0.027649769585253458
2,shallow,0.5,2.0,2.5,12,0.0,197,-0.5941521172629087,-0.027448212293775254,-0.08723748176489488,0.5380710659898477,0.8086314411668206,0.34517766497461927,0.26903553299492383,0.38578680203045684
2,shallow,0.5,2.0,2.5,12,2.0,234,0.8182983598589717,0.03757201283761513,-0.0750016205819557,0.4700854700854701,1.2231190921849004,0.3547008547008547,0.47435897435897434,0.17094017094017094
2,shallow,0.5,2.0,2.5,24,0.0,156,-0.26988133122238983,-0.011714256852458638,-0.09256703238437858,0.5384615384615384,0.8328266071807259,0.4358974358974359,0.36538461538461536,0.1987179487179487
2,shallow,0.5,2.0,2.5,24,2.0,203,0.6553486695247335,0.028521716546704434,-0.07540899630996034,0.4187192118226601,1.4923368522184666,0.3891625615763547,0.5763546798029556,0.034482758620689655
2,shallow,0.5,3.0,1.5,12,0.0,200,-0.06266416029585603,-0.0031009316675335574,-0.0806320015053078,0.45,1.2129670289647247,0.17,0.46,0.37
2,shallow,0.5,3.0,1.5,12,2.0,224,0.27953126052157784,0.010567078140419905,-0.07347282116375475,0.41517857142857145,1.4446833086394943,0.15625,0.6026785714285714,0.24107142857142858
2,shallow,0.5,3.0,1.5,24,0.0,161,-0.6982273768396084,-0.0269967559165164,-0.10810381570892591,0.391304347826087,1.4695548855004574,0.2422360248447205,0.577639751552795,0.18012422360248448
2,shallow,0.5,3.0,1.5,24,2.0,188,0.1956385573081888,0.006863612133354513,-0.08510915563248278,0.3670212765957447,1.773316605940121,0.18085106382978725,0.7287234042553191,0.09042553191489362
2,shallow,0.5,3.0,2.5,12,0.0,175,-1.2884471167551248,-0.05367251447552679,-0.12329219841147498,0.5142857142857142,0.8337799720119539,0.18857142857142858,0.30857142857142855,0.5028571428571429
2,shallow,0.5,3.0,2.5,12,2.0,212,0.36870236579932153,0.015409993391962029,-0.07655676286103841,0.4339622641509434,1.3525009310708807,0.17452830188679244,0.5660377358490566,0.25943396226415094
2,shallow,0.5,3.0,2.5,24,0.0,131,-0.8198481452629621,-0.033409139701865986,-0.10317748236762514,0.4732824427480916,1.0204320615339268,0.26717557251908397,0.3969465648854962,0.33587786259541985
2,shallow,0.5,3.0,2.5,24,2.0,177,0.30111525674203243,0.011915051036043511,-0.07802962046146678,0.4011299435028249,1.5542596194517428,0.2033898305084746,0.7005649717514124,0.096045197740113
2,shallow,0.7,2.0,1.5,12,0.0,263,-0.07935366982789074,-0.005381896994562374,-0.09782112654918196,0.4790874524714829,1.0768366164822245,0.3269961977186312,0.4372623574144487,0.23574144486692014
2,shallow,0.7,2.0,1.5,12,2.0,284,-0.011764942359716616,-0.0019123473698265947,-0.08473251186812658,0.426056338028169,1.3423836171286558,0.30985915492957744,0.5316901408450704,0.15845070422535212
2,shallow,0.7,2.0,1.5,24,0.0,221,0.3798903555272067,0.017937205943480805,-0.08593984460860948,0.45701357466063347,1.2305356221796921,0.3936651583710407,0.5113122171945701,0.09502262443438914
2,shallow,0.7,2.0,1.5,24,2.0,251,0.3883312607475729,0.01873464248823864,-0.08169284495325324,0.3904382470119522,1.6195336587126081,0.36254980079681276,0.6055776892430279,0.03187250996015936
2,shallow,0.7,2.0,2.5,12,0.0,219,-1.1305538995406088,-0.05727008729371508,-0.11489166839063514,0.5342465753424658,0.7790458268799474,0.3515981735159817,0.2648401826484018,0.3835616438356164
2,shallow,0.7,2.0,2.5,12,2.0,267,-0.2622565991752188,-0.015240874957733741,-0.0871048450366998,0.43820224719101125,1.2452516862431071,0.31086142322097376,0.50187265917603,0.18726591760299627
2,shallow,0.7,2.0,2.5,24,0.0,171,0.48660493533730703,0.022266515921225638,-0.0959996606461685,0.5497076023391813,0.8557665061535576,0.45614035087719296,0.3391812865497076,0.2046783625730994
2,shallow,0.7,2.0,2.5,24,2.0,230,0.29820731872202516,0.014297556540356249,-0.07871058015134091,0.40869565217391307,1.494797379488362,0.3695652173913043,0.5869565217391305,0.043478260869565216
2,shallow,0.7,3.0,1.5,12,0.0,232,0.3408161629719594,0.015293296287108404,-0.09063531630607191,0.43103448275862066,1.3604288959512423,0.17672413793103448,0.4698275862068966,0.35344827586206895
2,shallow,0.7,3.0,1.5,12,2.0,257,-0.8597665965620301,-0.04290829663700124,-0.1089629640732045,0.4046692607003891,1.3486690676087205,0.14396887159533073,0.6147859922178989,0.24124513618677043
2,shallow,0.7,3.0,1.5,24,0.0,176,0.5350556692689216,0.022771599986536772,-0.09598198504233801,0.3977272727272727,1.5957597572306679,0.24431818181818182,0.5625,0.19318181818181818
2,shallow,0.7,3.0,1.5,24,2.0,214,-0.20100922320486544,-0.010532585650693926,-0.08504631007504893,0.37383177570093457,1.6412136685936285,0.1822429906542056,0.7242990654205608,0.09345794392523364
2,shallow,0.7,3.0,2.5,12,0.0,197,-1.1453725283861451,-0.05691154722455649,-0.1537736833840555,0.49238578680203043,0.91861436259869,0.19796954314720813,0.3096446700507614,0.49238578680203043
2,shallow,0.7,3.0,2.5,12,2.0,241,-0.8806752268491406,-0.04447628621762523,-0.10715579384067853,0.4107883817427386,1.3051041341108052,0.14937759336099585,0.5892116182572614,0.26141078838174275
2,shallow,0.7,3.0,2.5,24,0.0,140,-0.2716387230442997,-0.013265373189122909,-0.1273489517676698,0.4785714285714286,1.0518909669350618,0.2571428571428571,0.37142857142857144,0.37142857142857144
2,shallow,0.7,3.0,2.5,24,2.0,199,-0.0012834414245497543,-0.0011441000781846622,-0.07786493342143941,0.39195979899497485,1.556749443430499,0.19095477386934673,0.7035175879396985,0.10552763819095477
3,base,0.5,2.0,1.5,12,0.0,264,-2.1894097206107626,-0.11938937293422125,-0.14292659401669017,0.42424242424242425,1.1149542155916674,0.32954545454545453,0.5113636363636364,0.1590909090909091
3,base,0.5,2.0,1.5,12,2.0,284,-2.4366145923546467,-0.1288813712948349,-0.1441276772728166,0.3591549295774648,1.4286282014956153,0.2852112676056338,0.6126760563380281,0.10211267605633803
3,base,0.5,2.0,1.5,24,0.0,240,-2.5954428274181316,-0.13834755870978221,-0.1690489288037702,0.4041666666666667,1.1777668936394,0.375,0.5791666666666667,0.04583333333333333
3,base,0.5,2.0,1.5,24,2.0,268,-2.7206600568347064,-0.14098353466797164,-0.15178892003808264,0.3283582089552239,1.6075791917478341,0.31716417910447764,0.6716417910447762,0.011194029850746268
3,base,0.5,2.0,2.5,12,0.0,205,-3.7356633796286522,-0.1606602031943304,-0.17714420821269738,0.4682926829268293,0.8382265105043982,0.3463414634146341,0.2975609756097561,0.35609756097560974
3,base,0.5,2.0,2.5,12,2.0,265,-2.2889947574389082,-0.10745653047708359,-0.12058069315561226,0.3660377358490566,1.4244053348365744,0.2943396226415094,0.5886792452830188,0.1169811320754717
3,base,0.5,2.0,2.5,24,0.0,163,-3.0924760301352143,-0.12310873104025022,-0.13881670735490603,0.5030674846625767,0.767108695280244,0.44785276073619634,0.43558282208588955,0.1165644171779141
3,base,0.5,2.0,2.5,24,2.0,248,-2.8684722446847997,-0.12994890110636792,-0.13795489110872927,0.34274193548387094,1.5121405718591776,0.32661290322580644,0.6491935483870968,0.024193548387096774
3,base,0.5,3.0,1.5,12,0.0,233,-3.387905645720229,-0.16039105457244174,-0.17140320161637645,0.3605150214592275,1.3171079407577728,0.15021459227467812,0.5536480686695279,0.296137339055794
3,base,0.5,3.0,1.5,12,2.0,256,-2.276018528888742,-0.11115918979931838,-0.129784614516677,0.3671875,1.3853118247914407,0.1328125,0.69140625,0.17578125
3,base,0.5,3.0,1.5,24,0.0,195,-3.433626097857418,-0.15914294728099276,-0.17407833866565425,0.31794871794871793,1.5836366644554845,0.2512820512820513,0.6512820512820513,0.09743589743589744
3,base,0.5,3.0,1.5,24,2.0,233,-2.4474777818586966,-0.11799952078739318,-0.13805410622019654,0.33476394849785407,1.557095853361878,0.18025751072961374,0.7896995708154506,0.030042918454935622
3,base,0.5,3.0,2.5,12,0.0,185,-3.299033392071478,-0.1346098735580521,-0.14872894284545723,0.43783783783783786,0.977140831059195,0.17297297297297298,0.31351351351351353,0.5135135135135135
3,base,0.5,3.0,2.5,12,2.0,241,-1.7228939938452639,-0.07709700061247804,-0.11593632465215697,0.3817427385892116,1.3835659440545958,0.13692946058091288,0.6597510373443983,0.2033195020746888
3,base,0.5,3.0,2.5,24,0.0,144,-2.440075159780571,-0.09465096495364056,-0.11954899892728954,0.4444444444444444,1.0251940954584877,0.3263888888888889,0.4652777777777778,0.20833333333333334
3,base,0.5,3.0,2.5,24,2.0,221,-2.1143424944381137,-0.09427281118837327,-0.11852997368638163,0.3393665158371041,1.6054670644346456,0.19004524886877827,0.7692307692307693,0.04072398190045249
3,base,0.7,2.0,1.5,12,0.0,277,-2.7876174983936512,-0.14546154331367445,-0.1740155336154422,0.41155234657039713,1.1413455826951584,0.3285198555956679,0.5234657039711191,0.148014440433213
3,base,0.7,2.0,1.5,12,2.0,303,-2.0082267979921977,-0.10925601589521994,-0.1371093952100706,0.37293729372937295,1.4181863528080842,0.3069306930693069,0.6006600660066007,0.0924092409240924
3,base,0.7,2.0,1.5,24,0.0,252,-3.1143090931803177,-0.16015861408231202,-0.19040082392340996,0.4007936507936508,1.1703686123317971,0.376984126984127,0.5912698412698413,0.031746031746031744
3,base,0.7,2.0,1.5,24,2.0,287,-2.7403641324662384,-0.14549806232805462,-0.16157210034749137,0.33797909407665505,1.561852571488403,0.32752613240418116,0.662020905923345,0.010452961672473868
3,base,0.7,2.0,2.5,12,0.0,218,-2.9146770730580376,-0.13107112054061143,-0.16225183535294896,0.4954128440366973,0.8051158150797437,0.3532110091743119,0.29357798165137616,0.3532110091743119
3,base,0.7,2.0,2.5,12,2.0,287,-2.3807084372363128,-0.12250280673912572,-0.14802716058376097,0.3797909407665505,1.3394538057137881,0.30662020905923343,0.5749128919860628,0.11846689895470383
3,base,0.7,2.0,2.5,24,0.0,170,-3.969835352132073,-0.16290724552667668,-0.1773687233424659,0.48823529411764705,0.76234219038915,0.43529411764705883,0.4411764705882353,0.12352941176470589
3,base,0.7,2.0,2.5,24,2.0,264,-2.745120838487375,-0.1340812547761453,-0.14735817782194538,0.3560606060606061,1.4510516558358437,0.3409090909090909,0.6325757575757576,0.026515151515151516
3,base,0.7,3.0,1.5,12,0.0,249,-2.44187546468148,-0.12483765389301094,-0.1423986585735505,0.36947791164658633,1.375098419118495,0.1646586345381526,0.5301204819277109,0.30522088353413657
3,base,0.7,3.0,1.5,12,2.0,278,-2.566052827319901,-0.12769924082363981,-0.14890631339929516,0.36330935251798563,1.3953972719400838,0.1366906474820144,0.7014388489208633,0.1618705035971223
3,base,0.7,3.0,1.5,24,0.0,204,-2.8365932572354478,-0.1360174861424206,-0.1547126761087645,0.31862745098039214,1.6742783127665295,0.25,0.6274509803921569,0.12254901960784313
3,base,0.7,3.0,1.5,24,2.0,250,-2.6129609889792604,-0.12853814179117828,-0.1415727451373182,0.328,1.612559418057226,0.196,0.78,0.024
3,base,0.7,3.0,2.5,12,0.0,193,-3.726162834238989,-0.14248538917809095,-0.16140259834069226,0.44559585492227977,0.937070493588395,0.18652849740932642,0.3160621761658031,0.49740932642487046
3,base,0.7,3.0,2.5,12,2.0,263,-3.064102334061477,-0.14304647839084994,-0.16187266343175477,0.3688212927756654,1.3201408061147155,0.14068441064638784,0.6844106463878327,0.17490494296577946
3,base,0.7,3.0,2.5,24,0.0,146,-3.591453409144462,-0.14603550609318605,-0.15819910970066364,0.4178082191780822,1.0376977231896471,0.2876712328767123,0.4794520547945205,0.2328767123287671
3,base,0.7,3.0,2.5,24,2.0,239,-2.673979754961597,-0.12474892716682251,-0.13582330483638327,0.3472803347280335,1.4965996407902804,0.200836820083682,0.7656903765690377,0.03347280334728033
3,shallow,0.5,2.0,1.5,12,0.0,244,-2.7991754088516227,-0.14024202173456746,-0.1637729094750242,0.4180327868852459,1.079700352793917,0.3114754098360656,0.5245901639344263,0.16393442622950818
3,shallow,0.5,2.0,1.5,12,2.0,270,-2.476553328171091,-0.1287549895839315,-0.14716527569488014,0.35555555555555557,1.435559203677339,0.29259259259259257,0.6296296296296297,0.07777777777777778
3,shallow,0.5,2.0,1.5,24,0.0,229,-2.303234489523109,-0.1179384382477019,-0.15551710540372465,0.40611353711790393,1.1960861212091727,0.38427947598253276,0.5764192139737991,0.039301310043668124
3,shallow,0.5,2.0,1.5,24,2.0,258,-2.6400965863464,-0.13371958436188636,-0.14737624998153243,0.32945736434108525,1.6022481597664775,0.3178294573643411,0.6705426356589147,0.011627906976744186
3,shallow,0.5,2.0,2.5,12,0.0,197,-5.223749104252971,-0.21966893913271823,-0.24219033418750524,0.4416243654822335,0.8208645172801557,0.3248730964467005,0.3248730964467005,0.350253807106599
3,shallow,0.5,2.0,2.5,12,2.0,253,-2.9375561309789893,-0.14237239289927384,-0.15845144213232465,0.3715415019762846,1.2971573207654008,0.2885375494071146,0.5889328063241107,0.1225296442687747
3,shallow,0.5,2.0,2.5,24,0.0,160,-3.064696747462026,-0.11921579393836734,-0.15003360907399843,0.49375,0.7945431526332443,0.4375,0.43125,0.13125
3,shallow,0.5,2.0,2.5,24,2.0,236,-3.1350471154772643,-0.1444542013641119,-0.15518157666740962,0.3432203389830508,1.4611306189951785,0.326271186440678,0.6483050847457628,0.025423728813559324
3,shallow,0.5,3.0,1.5,12,0.0,220,-2.6719592701406927,-0.12642253265215764,-0.14282108503507085,0.36363636363636365,1.3667183038600303,0.16818181818181818,0.5409090909090909,0.2909090909090909
3,shallow,0.5,3.0,1.5,12,2.0,243,-2.3900647278244502,-0.11313395379310753,-0.13695212443853522,0.37037037037037035,1.3449282100182902,0.13991769547325103,0.7119341563786008,0.14814814814814814
3,shallow,0.5,3.0,1.5,24,0.0,189,-2.5024086700284296,-0.11445651846327265,-0.12953401568527212,0.3386243386243386,1.5546202709115977,0.25396825396825395,0.6190476190476191,0.12698412698412698
3,shallow,0.5,3.0,1.5,24,2.0,225,-2.213266356463158,-0.10417005975282456,-0.12323037680873206,0.3422222222222222,1.5311337470165078,0.18222222222222223,0.7822222222222223,0.035555555555555556
3,shallow,0.5,3.0,2.5,12,0.0,180,-4.042536667974628,-0.1510695696340425,-0.16806379078499967,0.4222222222222222,0.9876105703892162,0.17777777777777778,0.3388888888888889,0.48333333333333334
3,shallow,0.5,3.0,2.5,12,2.0,233,-2.381566018030799,-0.11003187865165653,-0.1316347044231061,0.38626609442060084,1.2756355005334552,0.1459227467811159,0.6695278969957081,0.18454935622317598
3,shallow,0.5,3.0,2.5,24,0.0,136,-3.4767714205855778,-0.12881326849289787,-0.14568988853882725,0.41911764705882354,1.0353925133019537,0.2867647058823529,0.47794117647058826,0.23529411764705882
3,shallow,0.5,3.0,2.5,24,2.0,214,-2.2427820142359827,-0.10125409967192633,-0.11840432704034631,0.35514018691588783,1.4784522043406534,0.19626168224299065,0.7616822429906542,0.04205607476635514
3,shallow,0.7,2.0,1.5,12,0.0,273,-2.7512626705808216,-0.1441971613086197,-0.17286716222553267,0.4139194139194139,1.126413200888196,0.326007326007326,0.5201465201465202,0.15384615384615385
3,shallow,0.7,2.0,1.5,12,2.0,300,-1.9354216016710528,-0.10505330820877712,-0.12809690807152585,0.37333333333333335,1.4203422419150158,0.31,0.6033333333333334,0.08666666666666667
3,shallow,0.7,2.0,1.5,24,0.0,249,-2.7438074922067934,-0.14256414722356847,-0.1816630812172635,0.40562248995983935,1.1747774223935508,0.3815261044176707,0.5783132530120482,0.040160642570281124
3,shallow,0.7,2.0,1.5,24,2.0,285,-2.010365993470334,-0.10757212278725525,-0.12712606449066788,0.3508771929824561,1.566756897950706,0.34385964912280703,0.6491228070175439,0.007017543859649123
3,shallow,0.7,2.0,2.5,12,0.0,220,-3.6221668572350527,-0.16835957316688288,-0.18893157359424495,0.4772727272727273,0.8149317873005076,0.34545454545454546,0.3090909090909091,0.34545454545454546
3,shallow,0.7,2.0,2.5,12,2.0,286,-2.5512824283583004,-0.1297493830390627,-0.15039564069508038,0.3811188811188811,1.317441480907845,0.3111888111888112,0.583916083916084,0.1048951048951049
3,shallow,0.7,2.0,2.5,24,0.0,174,-1.633402017229576,-0.0691893809543378,-0.10077406557445234,0.5344827586206896,0.7618009366985794,0.4827586206896552,0.40804597701149425,0.10919540229885058
3,shallow,0.7,2.0,2.5,24,2.0,264,-2.7506681290955672,-0.1317079533786618,-0.14825264105979974,0.35984848484848486,1.4348095005997474,0.3484848484848485,0.6325757575757576,0.01893939393939394
3,shallow,0.7,3.0,1.5,12,0.0,241,-3.258553727537257,-0.1526741860744556,-0.16807267518879476,0.36929460580912865,1.2948878065059395,0.15352697095435686,0.5352697095435685,0.3112033195020747
3,shallow,0.7,3.0,1.5,12,2.0,271,-2.6955117202803445,-0.1260269650521676,-0.14897319084293992,0.36531365313653136,1.3686629941738813,0.12915129151291513,0.6937269372693727,0.17712177121771217
3,shallow,0.7,3.0,1.5,24,0.0,196,-2.8480479555900082,-0.1262577310572418,-0.14473541838917547,0.336734693877551,1.5456482193584098,0.25,0.6122448979591837,0.1377551020408163
3,shallow,0.7,3.0,1.5,24,2.0,243,-2.9024518882852894,-0.13105904660222356,-0.1483481338840693,0.35390946502057613,1.3956268907355915,0.1728395061728395,0.7983539094650206,0.02880658436213992
3,shallow,0.7,3.0,2.5,12,0.0,198,-4.696652565887072,-0.18083547687768775,-0.19501196635567863,0.4292929292929293,0.9231666313132069,0.16666666666666666,0.31313131313131315,0.5202020202020202
3,shallow,0.7,3.0,2.5,12,2.0,259,-3.2193528191944982,-0.146317293020088,-0.16683827773566662,0.3745173745173745,1.273071481680504,0.13513513513513514,0.6756756756756757,0.1891891891891892
3,shallow,0.7,3.0,2.5,24,0.0,143,-4.138295440760565,-0.14216265700682817,-0.1543610110547503,0.42657342657342656,0.9979616380468106,0.2867132867132867,0.4755244755244755,0.23776223776223776
3,shallow,0.7,3.0,2.5,24,2.0,235,-3.182635088886844,-0.14296562430879678,-0.1582116216996523,0.3617021276595745,1.3379603113092382,0.1829787234042553,0.7787234042553192,0.03829787234042553
