long_pool,long_regime,long_dedup,long_n_factors,long_model,long_thr_q,long_tp_mult,long_sl_mult,long_max_hold,long_trail_mult,short_pool,short_regime,short_dedup,short_n_factors,short_model,short_thr_q,short_tp_mult,short_sl_mult,short_max_hold,short_trail_mult,long_on_pareto,short_on_pareto,robust_combined,sharpe_combined,worst_combined,mean_combined,std_combined,sharpe_mean,sharpe_std,fold1_ret,fold1_sharpe,fold2_ret,fold2_sharpe,fold3_ret,fold3_sharpe
expanded,atr_pct,0.8,28,deep_slow,0.4,1.5,1.0,12,1.5,core,ema_bear,0.9,8,base,0.85,2.0,0.35,12,2.5,False,False,0.038682526070529556,1.7919751914871809,0.0385639916350405,0.0396712423334652,0.000988716262935645,2.2570588449083044,0.4650836534211235,0.0399839179644334,2.418624126647969,0.0385639916350405,2.619813462317669,0.0404658174009217,1.7327389457592757
core,atr_pct,0.8,16,base,0.6,1.5,1.0,12,2.5,core,ema_bear,0.9,8,base,0.85,2.0,0.35,12,2.5,False,False,0.038682526070529556,1.425751877379727,0.0385639916350405,0.0396712423334652,0.000988716262935645,2.2014122163010543,0.7756603389213271,0.0399839179644334,1.6277750673308546,0.0385639916350405,3.0839272549073993,0.0404658174009217,1.8925343266649093
core,atr_pct,0.8,16,base,0.6,1.5,1.0,12,2.5,core,sma100,0.9,8,shallow,0.6,2.0,0.35,12,0.0,False,False,0.03861103527297149,1.7868086704592971,0.0385639916350405,0.03932689548547453,0.0007158602125030404,2.1762330474587466,0.38942437699944954,0.0399839179644334,2.294419508531761,0.0385639916350405,2.4928728547505448,0.0394327768569497,1.7414067790939334
expanded,atr_pct,0.8,28,deep_slow,0.4,1.5,1.0,12,1.5,core,sma100,0.9,8,shallow,0.6,2.0,0.35,12,0.0,False,False,0.03861103527297149,1.401564187729322,0.0385639916350405,0.03932689548547453,0.0007158602125030404,2.206003559092104,0.8044393713627823,0.0399839179644334,3.1125420002838253,0.0385639916350405,1.9281302996236636,0.0394327768569497,1.5773383773688232
expanded,atr_pct,0.8,28,deep_slow,0.4,1.5,1.0,12,1.5,core,ema_bear,0.9,8,shallow,0.4,1.5,0.35,12,1.5,False,False,0.03663733983028579,2.104433020502119,0.037456438834811395,0.03906590311435546,0.0024285632840696696,2.4750805727840857,0.3706475522819666,0.0378818823347368,2.5416405449342627,0.0418593881735182,2.807938450898347,0.037456438834811395,2.075662722519647
expanded,atr_pct,0.8,28,deep_slow,0.4,1.5,1.0,12,1.5,core,ema_bear,0.9,8,base,0.85,2.0,0.35,12,0.0,False,False,0.03663733983028579,1.7919751914871809,0.037456438834811395,0.03906590311435546,0.0024285632840696696,2.2570588449083044,0.4650836534211235,0.0378818823347368,2.418624126647969,0.0418593881735182,2.619813462317669,0.037456438834811395,1.7327389457592757
core,atr_pct,0.8,16,base,0.6,1.5,1.0,12,2.5,core,ema_bear,0.9,8,shallow,0.4,1.5,0.35,12,1.5,False,False,0.03663733983028579,1.5820363876156722,0.037456438834811395,0.03906590311435546,0.0024285632840696696,2.3412779399216452,0.759241552305973,0.0378818823347368,1.7068515365452566,0.0418593881735182,3.182490272116903,0.037456438834811395,2.1344920111027763
core,atr_pct,0.8,16,base,0.6,1.5,1.0,12,2.5,core,ema_bear,0.9,8,base,0.85,2.0,0.35,12,0.0,False,False,0.03663733983028579,1.425751877379727,0.037456438834811395,0.03906590311435546,0.0024285632840696696,2.2014122163010543,0.7756603389213271,0.0378818823347368,1.6277750673308546,0.0418593881735182,3.0839272549073993,0.037456438834811395,1.8925343266649093
core,atr_pct,0.8,16,base,0.6,1.5,1.0,12,2.5,expanded,sma100,0.8,17,base,0.5,1.0,0.5,24,2.5,False,False,0.03659415369088216,2.316008150033013,0.0365773616097648,0.036702840264806,0.00010868657392383647,2.676332359488757,0.36032420945574367,0.0367676048572697,2.4505926461747563,0.0367635543273835,2.4865229761992564,0.0365773616097648,3.0918814560922576
expanded,atr_pct,0.8,28,deep_slow,0.4,1.5,1.0,12,1.5,expanded,sma100,0.8,17,base,0.5,1.0,0.5,24,2.5,False,False,0.03659415369088216,2.052959515189581,0.0365773616097648,0.036702840264806,0.00010868657392383647,2.658590776082004,0.6056312608924224,0.0367676048572697,3.049633082988034,0.0367635543273835,1.9609703696646439,0.0365773616097648,2.965168875593333
core,atr_pct,0.8,16,base,0.6,1.5,1.0,12,2.5,core,ema_bear,0.9,8,deep_slow,0.5,1.5,0.35,24,1.5,False,False,0.03659415369088216,1.518729607716029,0.0365773616097648,0.036702840264806,0.00010868657392383647,1.9729745614271934,0.4542449537111643,0.0367676048572697,1.8938908759029165,0.0367635543273835,2.461568523642053,0.0365773616097648,1.5634642847366111
expanded,atr_pct,0.8,28,deep_slow,0.4,1.5,1.0,12,1.5,core,ema_bear,0.85,7,shallow,0.5,1.0,0.75,12,0.0,False,False,0.03659415369088216,1.4970036070761756,0.0365773616097648,0.036702840264806,0.00010868657392383647,2.310610228265276,0.8136066211891004,0.0367676048572697,2.6290891571646062,0.0367635543273835,2.91680143535164,0.0365773616097648,1.3859400922795824
expanded,atr_pct,0.8,28,deep_slow,0.4,1.5,1.0,12,1.5,core,ema_bear,0.85,7,shallow,0.5,1.0,0.75,12,2.5,False,False,0.03659415369088216,1.4970036070761756,0.0365773616097648,0.036702840264806,0.00010868657392383647,2.310610228265276,0.8136066211891004,0.0367676048572697,2.6290891571646062,0.0367635543273835,2.91680143535164,0.0365773616097648,1.3859400922795824
expanded,atr_pct,0.8,28,deep_slow,0.4,1.5,1.0,12,1.5,core,ema_bear,0.85,7,shallow,0.5,1.0,0.75,24,0.0,False,False,0.03659415369088216,1.4970036070761756,0.0365773616097648,0.036702840264806,0.00010868657392383647,2.310610228265276,0.8136066211891004,0.0367676048572697,2.6290891571646062,0.0367635543273835,2.91680143535164,0.0365773616097648,1.3859400922795824
expanded,atr_pct,0.8,28,deep_slow,0.4,1.5,1.0,12,1.5,core,ema_bear,0.85,7,shallow,0.5,1.0,0.75,24,2.5,False,False,0.03659415369088216,1.4970036070761756,0.0365773616097648,0.036702840264806,0.00010868657392383647,2.310610228265276,0.8136066211891004,0.0367676048572697,2.6290891571646062,0.0367635543273835,2.91680143535164,0.0365773616097648,1.3859400922795824
expanded,atr_pct,0.8,28,deep_slow,0.4,1.5,1.0,12,1.5,core,ema_bear,0.9,8,deep_slow,0.5,1.5,0.35,24,1.5,False,False,0.03659415369088216,1.4317137144635432,0.0365773616097648,0.036702840264806,0.00010868657392383647,2.0623928981166118,0.6306791836530684,0.0367676048572697,2.724129370830093,0.0367635543273835,1.9948398022357672,0.0365773616097648,1.468209521283975
core,atr_pct,0.8,16,base,0.6,1.5,1.0,12,2.5,core,ema_bear,0.85,7,shallow,0.5,1.0,0.75,12,0.0,False,False,0.03659415369088216,1.2970167378719317,0.0365773616097648,0.036702840264806,0.00010868657392383647,2.2153756760376306,0.918358938165699,0.0367676048572697,1.9059391803360262,0.0367635543273835,3.2484844581354513,0.0365773616097648,1.4917033896414131
core,atr_pct,0.8,16,base,0.6,1.5,1.0,12,2.5,core,ema_bear,0.85,7,shallow,0.5,1.0,0.75,12,2.5,False,False,0.03659415369088216,1.2970167378719317,0.0365773616097648,0.036702840264806,0.00010868657392383647,2.2153756760376306,0.918358938165699,0.0367676048572697,1.9059391803360262,0.0367635543273835,3.2484844581354513,0.0365773616097648,1.4917033896414131
core,atr_pct,0.8,16,base,0.6,1.5,1.0,12,2.5,core,ema_bear,0.85,7,shallow,0.5,1.0,0.75,24,0.0,False,False,0.03659415369088216,1.2970167378719317,0.0365773616097648,0.036702840264806,0.00010868657392383647,2.2153756760376306,0.918358938165699,0.0367676048572697,1.9059391803360262,0.0367635543273835,3.2484844581354513,0.0365773616097648,1.4917033896414131
core,atr_pct,0.8,16,base,0.6,1.5,1.0,12,2.5,core,ema_bear,0.85,7,shallow,0.5,1.0,0.75,24,2.5,False,False,0.03659415369088216,1.2970167378719317,0.0365773616097648,0.036702840264806,0.00010868657392383647,2.2153756760376306,0.918358938165699,0.0367676048572697,1.9059391803360262,0.0367635543273835,3.2484844581354513,0.0365773616097648,1.4917033896414131
expanded,atr_pct,0.9,35,base,0.4,1.5,0.35,12,1.5,core,ema_bear,0.9,8,shallow,0.4,1.5,0.35,12,1.5,False,False,0.03597668560066793,1.6749589605470994,0.0356936484827538,0.037823572523877136,0.0018468869232091995,2.0877540798832657,0.4127951193361662,0.0387960197272214,2.1309382415915783,0.0389810493616562,2.477259501674069,0.0356936484827538,1.65506449638415
expanded,atr_pct,0.9,35,base,0.4,1.5,0.35,12,1.5,core,ema_bear,0.9,8,base,0.85,2.0,0.35,12,0.0,False,False,0.03597668560066793,1.3958509056466868,0.0356936484827538,0.037823572523877136,0.0018468869232091995,1.9043025360713859,0.5084516304246991,0.0387960197272214,2.0411316578013525,0.0389810493616562,2.330338583524857,0.0356936484827538,1.341437366887949
core,atr_pct,0.8,16,base,0.6,1.5,1.0,12,2.5,core,sma100,0.9,8,shallow,0.6,2.0,0.35,12,2.5,False,False,0.03590796679120367,1.7868086704592971,0.0364233982908396,0.038721556266364865,0.0028135894751611904,2.1762330474587466,0.38942437699944954,0.0378818823347368,2.294419508531761,0.0418593881735182,2.4928728547505448,0.0364233982908396,1.7414067790939334
expanded,atr_pct,0.8,28,deep_slow,0.4,1.5,1.0,12,1.5,core,sma100,0.8,6,base,0.4,2.0,0.5,24,1.5,False,False,0.03590796679120367,1.5505636111746457,0.0364233982908396,0.038721556266364865,0.0028135894751611904,2.1136614460480634,0.5630978348734177,0.0378818823347368,2.57777575479609,0.0418593881735182,2.2759741725608094,0.0364233982908396,1.4872344107872906
core,atr_pct,0.8,16,base,0.6,1.5,1.0,12,2.5,core,sma100,0.8,6,base,0.4,2.0,0.5,24,1.5,False,False,0.03590796679120367,1.4427643775471093,0.0364233982908396,0.038721556266364865,0.0028135894751611904,2.0516514819762155,0.6088871044291062,0.0378818823347368,1.7458265145769276,0.0418593881735182,2.7528310747809743,0.0364233982908396,1.6562968565707454
expanded,atr_pct,0.8,28,deep_slow,0.4,1.5,1.0,12,1.5,core,sma100,0.9,8,shallow,0.6,2.0,0.35,12,2.5,False,False,0.03590796679120367,1.401564187729322,0.0364233982908396,0.038721556266364865,0.0028135894751611904,2.206003559092104,0.8044393713627823,0.0378818823347368,3.1125420002838253,0.0418593881735182,1.9281302996236636,0.0364233982908396,1.5773383773688232
expanded,atr_pct,0.9,35,base,0.4,1.5,0.35,12,1.5,core,ema_bear,0.9,8,base,0.85,2.0,0.35,12,2.5,False,False,0.03581192121107419,1.3958509056466868,0.0356856528231785,0.03842891174298687,0.002616990531912682,1.9043025360713859,0.5084516304246991,0.040898055356918005,2.0411316578013525,0.0356856528231785,2.330338583524857,0.0387030270488641,1.341437366887949
expanded,atr_pct,0.85,32,base,0.8,1.5,0.75,12,0.0,core,ema_bear,0.9,8,base,0.85,2.0,0.35,12,2.5,False,False,0.03578335094698029,1.0004314864996733,0.0356856528231785,0.037245751839340466,0.0014624008923601734,1.8577425207154885,0.8573110342158153,0.0385854303895589,0.8870536480853232,0.0356856528231785,2.1748474141098457,0.037466172305284,2.5113264999512968
expanded,atr_pct,0.8,28,shallow,0.9,1.5,0.5,12,2.5,core,ema_bear,0.9,8,base,0.85,2.0,0.35,12,2.5,False,False,0.035682260453669165,1.1537290563895488,0.0353390176043908,0.03801581345835523,0.002333553004686065,1.5327545990119258,0.3790255426223771,0.0353390176043908,1.1222202760198343,0.0396216858566959,1.8693859078018824,0.039086736913979,1.6066576132140598
core,none,0.9,18,base,0.7,1.5,1.0,12,0.0,core,ema_bear,0.9,8,base,0.85,2.0,0.35,12,2.5,False,False,0.035682260453669165,1.0216423250921483,0.0353390176043908,0.03801581345835523,0.002333553004686065,1.3720705912484827,0.3504282661563345,0.0353390176043908,0.9740586742661369,0.0396216858566959,1.6342418501534395,0.039086736913979,1.5079112493258713
